file,line,type,commit,author,date,time,timezone,datetime,depth,length
style.css,1,css,b325c32e,karizabal,2025-04-11,19:39:26,-07:00,2025-04-11T19:39:26-07:00,0,5
style.css,2,css,6682deb2,karizabal,2025-04-11,18:46:36,-07:00,2025-04-11T18:46:36-07:00,1,40
style.css,3,css,6682deb2,karizabal,2025-04-11,18:46:36,-07:00,2025-04-11T18:46:36-07:00,1,32
style.css,4,css,6682deb2,karizabal,2025-04-11,18:46:36,-07:00,2025-04-11T18:46:36-07:00,0,0
style.css,5,css,6682deb2,karizabal,2025-04-11,18:46:36,-07:00,2025-04-11T18:46:36-07:00,0,0
style.css,6,css,be07beaf,karizabal,2025-04-18,19:08:52,-07:00,2025-04-18T19:08:52-07:00,0,22
style.css,7,css,be07beaf,karizabal,2025-04-18,19:08:52,-07:00,2025-04-18T19:08:52-07:00,1,21
style.css,8,css,be07beaf,karizabal,2025-04-18,19:08:52,-07:00,2025-04-18T19:08:52-07:00,0,0
style.css,9,css,be07beaf,karizabal,2025-04-18,19:08:52,-07:00,2025-04-18T19:08:52-07:00,0,0
style.css,10,css,be07beaf,karizabal,2025-04-18,19:08:52,-07:00,2025-04-18T19:08:52-07:00,0,35
style.css,11,css,bb050fe0,karizabal,2025-05-02,17:23:16,-07:00,2025-05-02T17:23:16-07:00,1,5
style.css,12,css,bb050fe0,karizabal,2025-05-02,17:23:16,-07:00,2025-05-02T17:23:16-07:00,2,17
style.css,13,css,bb050fe0,karizabal,2025-05-02,17:23:16,-07:00,2025-05-02T17:23:16-07:00,1,0
style.css,14,css,be07beaf,karizabal,2025-04-18,19:08:52,-07:00,2025-04-18T19:08:52-07:00,0,0
style.css,15,css,a511ccb2,karizabal,2025-04-25,11:57:14,-07:00,2025-04-25T11:57:14-07:00,0,0
style.css,16,css,be07beaf,karizabal,2025-04-18,19:08:52,-07:00,2025-04-18T19:08:52-07:00,0,36
style.css,17,css,bb050fe0,karizabal,2025-05-02,17:23:16,-07:00,2025-05-02T17:23:16-07:00,1,5
style.css,18,css,bb050fe0,karizabal,2025-05-02,17:23:16,-07:00,2025-05-02T17:23:16-07:00,2,18
style.css,19,css,bb050fe0,karizabal,2025-05-02,17:23:16,-07:00,2025-05-02T17:23:16-07:00,1,0
style.css,20,css,be07beaf,karizabal,2025-04-18,19:08:52,-07:00,2025-04-18T19:08:52-07:00,0,0
style.css,21,css,be07beaf,karizabal,2025-04-18,19:08:52,-07:00,2025-04-18T19:08:52-07:00,0,0
style.css,22,css,be07beaf,karizabal,2025-04-18,19:08:52,-07:00,2025-04-18T19:08:52-07:00,0,24
style.css,23,css,be07beaf,karizabal,2025-04-18,19:08:52,-07:00,2025-04-18T19:08:52-07:00,1,18
style.css,24,css,be07beaf,karizabal,2025-04-18,19:08:52,-07:00,2025-04-18T19:08:52-07:00,0,0
style.css,25,css,be07beaf,karizabal,2025-04-18,19:08:52,-07:00,2025-04-18T19:08:52-07:00,0,0
style.css,26,css,be07beaf,karizabal,2025-04-18,19:08:52,-07:00,2025-04-18T19:08:52-07:00,0,23
style.css,27,css,be07beaf,karizabal,2025-04-18,19:08:52,-07:00,2025-04-18T19:08:52-07:00,1,17
style.css,28,css,be07beaf,karizabal,2025-04-18,19:08:52,-07:00,2025-04-18T19:08:52-07:00,0,0
style.css,29,css,be07beaf,karizabal,2025-04-18,19:08:52,-07:00,2025-04-18T19:08:52-07:00,0,0
style.css,30,css,be07beaf,karizabal,2025-04-18,19:08:52,-07:00,2025-04-18T19:08:52-07:00,0,13
style.css,31,css,be07beaf,karizabal,2025-04-18,19:08:52,-07:00,2025-04-18T19:08:52-07:00,1,15
style.css,32,css,be07beaf,karizabal,2025-04-18,19:08:52,-07:00,2025-04-18T19:08:52-07:00,1,16
style.css,33,css,a511ccb2,karizabal,2025-04-25,11:57:14,-07:00,2025-04-25T11:57:14-07:00,1,19
style.css,34,css,a511ccb2,karizabal,2025-04-25,11:57:14,-07:00,2025-04-25T11:57:14-07:00,1,20
style.css,35,css,a511ccb2,karizabal,2025-04-25,11:57:14,-07:00,2025-04-25T11:57:14-07:00,1,18
style.css,36,css,a511ccb2,karizabal,2025-04-25,11:57:14,-07:00,2025-04-25T11:57:14-07:00,1,21
style.css,37,css,be07beaf,karizabal,2025-04-18,19:08:52,-07:00,2025-04-18T19:08:52-07:00,1,16
style.css,38,css,be07beaf,karizabal,2025-04-18,19:08:52,-07:00,2025-04-18T19:08:52-07:00,0,0
style.css,39,css,be07beaf,karizabal,2025-04-18,19:08:52,-07:00,2025-04-18T19:08:52-07:00,0,0
style.css,40,css,ded6035a,karizabal,2025-04-03,22:33:04,-07:00,2025-04-03T22:33:04-07:00,0,4
style.css,41,css,be07beaf,karizabal,2025-04-18,19:08:52,-07:00,2025-04-18T19:08:52-07:00,1,13
style.css,42,css,6682deb2,karizabal,2025-04-11,18:46:36,-07:00,2025-04-11T18:46:36-07:00,1,23
style.css,43,css,6682deb2,karizabal,2025-04-11,18:46:36,-07:00,2025-04-11T18:46:36-07:00,0,0
style.css,44,css,6682deb2,karizabal,2025-04-11,18:46:36,-07:00,2025-04-11T18:46:36-07:00,0,0
style.css,45,css,fd59032f,karizabal,2025-04-18,18:19:51,-07:00,2025-04-18T18:19:51-07:00,0,18
style.css,46,css,fd59032f,karizabal,2025-04-18,18:19:51,-07:00,2025-04-18T18:19:51-07:00,1,17
style.css,47,css,fd59032f,karizabal,2025-04-18,18:19:51,-07:00,2025-04-18T18:19:51-07:00,1,8
style.css,48,css,fd59032f,karizabal,2025-04-18,18:19:51,-07:00,2025-04-18T18:19:51-07:00,1,10
style.css,49,css,fd59032f,karizabal,2025-04-18,18:19:51,-07:00,2025-04-18T18:19:51-07:00,1,13
style.css,50,css,fd59032f,karizabal,2025-04-18,18:19:51,-07:00,2025-04-18T18:19:51-07:00,0,0
style.css,51,css,fd59032f,karizabal,2025-04-18,18:19:51,-07:00,2025-04-18T18:19:51-07:00,0,0
style.css,52,css,6682deb2,karizabal,2025-04-11,18:46:36,-07:00,2025-04-11T18:46:36-07:00,0,3
style.css,53,css,fd59032f,karizabal,2025-04-18,18:19:51,-07:00,2025-04-18T18:19:51-07:00,1,39
style.css,54,css,6682deb2,karizabal,2025-04-11,18:46:36,-07:00,2025-04-11T18:46:36-07:00,1,12
style.css,55,css,6682deb2,karizabal,2025-04-11,18:46:36,-07:00,2025-04-11T18:46:36-07:00,1,23
style.css,56,css,6682deb2,karizabal,2025-04-11,18:46:36,-07:00,2025-04-11T18:46:36-07:00,1,25
style.css,57,css,fd59032f,karizabal,2025-04-18,18:19:51,-07:00,2025-04-18T18:19:51-07:00,1,39
style.css,58,css,be07beaf,karizabal,2025-04-18,19:08:52,-07:00,2025-04-18T19:08:52-07:00,1,16
style.css,59,css,6682deb2,karizabal,2025-04-11,18:46:36,-07:00,2025-04-11T18:46:36-07:00,0,0
style.css,60,css,6682deb2,karizabal,2025-04-11,18:46:36,-07:00,2025-04-11T18:46:36-07:00,0,0
style.css,61,css,6682deb2,karizabal,2025-04-11,18:46:36,-07:00,2025-04-11T18:46:36-07:00,0,14
style.css,62,css,6682deb2,karizabal,2025-04-11,18:46:36,-07:00,2025-04-11T18:46:36-07:00,1,16
style.css,63,css,6682deb2,karizabal,2025-04-11,18:46:36,-07:00,2025-04-11T18:46:36-07:00,0,0
style.css,64,css,6682deb2,karizabal,2025-04-11,18:46:36,-07:00,2025-04-11T18:46:36-07:00,0,0
style.css,65,css,6682deb2,karizabal,2025-04-11,18:46:36,-07:00,2025-04-11T18:46:36-07:00,0,5
style.css,66,css,6682deb2,karizabal,2025-04-11,18:46:36,-07:00,2025-04-11T18:46:36-07:00,1,6
style.css,67,css,6682deb2,karizabal,2025-04-11,18:46:36,-07:00,2025-04-11T18:46:36-07:00,1,20
style.css,68,css,6682deb2,karizabal,2025-04-11,18:46:36,-07:00,2025-04-11T18:46:36-07:00,1,17
style.css,69,css,6682deb2,karizabal,2025-04-11,18:46:36,-07:00,2025-04-11T18:46:36-07:00,1,13
style.css,70,css,6682deb2,karizabal,2025-04-11,18:46:36,-07:00,2025-04-11T18:46:36-07:00,1,13
style.css,71,css,6682deb2,karizabal,2025-04-11,18:46:36,-07:00,2025-04-11T18:46:36-07:00,1,19
style.css,72,css,3071a714,karizabal,2025-04-11,20:15:35,-07:00,2025-04-11T20:15:35-07:00,1,0
style.css,73,css,3071a714,karizabal,2025-04-11,20:15:35,-07:00,2025-04-11T20:15:35-07:00,1,7
style.css,74,css,3071a714,karizabal,2025-04-11,20:15:35,-07:00,2025-04-11T20:15:35-07:00,2,25
style.css,75,css,3071a714,karizabal,2025-04-11,20:15:35,-07:00,2025-04-11T20:15:35-07:00,2,25
style.css,76,css,3071a714,karizabal,2025-04-11,20:15:35,-07:00,2025-04-11T20:15:35-07:00,2,39
style.css,77,css,3071a714,karizabal,2025-04-11,20:15:35,-07:00,2025-04-11T20:15:35-07:00,2,19
style.css,78,css,fd59032f,karizabal,2025-04-18,18:19:51,-07:00,2025-04-18T18:19:51-07:00,2,69
style.css,79,css,3071a714,karizabal,2025-04-11,20:15:35,-07:00,2025-04-11T20:15:35-07:00,1,0
style.css,80,css,6682deb2,karizabal,2025-04-11,18:46:36,-07:00,2025-04-11T18:46:36-07:00,0,0
style.css,81,css,6682deb2,karizabal,2025-04-11,18:46:36,-07:00,2025-04-11T18:46:36-07:00,0,0
style.css,82,css,6682deb2,karizabal,2025-04-11,18:46:36,-07:00,2025-04-11T18:46:36-07:00,0,8
style.css,83,css,6682deb2,karizabal,2025-04-11,18:46:36,-07:00,2025-04-11T18:46:36-07:00,1,25
style.css,84,css,6682deb2,karizabal,2025-04-11,18:46:36,-07:00,2025-04-11T18:46:36-07:00,1,25
style.css,85,css,6682deb2,karizabal,2025-04-11,18:46:36,-07:00,2025-04-11T18:46:36-07:00,1,37
style.css,86,css,6682deb2,karizabal,2025-04-11,18:46:36,-07:00,2025-04-11T18:46:36-07:00,1,19
style.css,87,css,6682deb2,karizabal,2025-04-11,18:46:36,-07:00,2025-04-11T18:46:36-07:00,1,16
style.css,88,css,6682deb2,karizabal,2025-04-11,18:46:36,-07:00,2025-04-11T18:46:36-07:00,0,0
style.css,89,css,6682deb2,karizabal,2025-04-11,18:46:36,-07:00,2025-04-11T18:46:36-07:00,0,0
style.css,90,css,6682deb2,karizabal,2025-04-11,18:46:36,-07:00,2025-04-11T18:46:36-07:00,0,4
style.css,91,css,6682deb2,karizabal,2025-04-11,18:46:36,-07:00,2025-04-11T18:46:36-07:00,1,12
style.css,92,css,6682deb2,karizabal,2025-04-11,18:46:36,-07:00,2025-04-11T18:46:36-07:00,1,30
style.css,93,css,6682deb2,karizabal,2025-04-11,18:46:36,-07:00,2025-04-11T18:46:36-07:00,1,7
style.css,94,css,6682deb2,karizabal,2025-04-11,18:46:36,-07:00,2025-04-11T18:46:36-07:00,0,0
style.css,95,css,6682deb2,karizabal,2025-04-11,18:46:36,-07:00,2025-04-11T18:46:36-07:00,0,0
style.css,96,css,6682deb2,karizabal,2025-04-11,18:46:36,-07:00,2025-04-11T18:46:36-07:00,0,10
style.css,97,css,6682deb2,karizabal,2025-04-11,18:46:36,-07:00,2025-04-11T18:46:36-07:00,1,12
style.css,98,css,6682deb2,karizabal,2025-04-11,18:46:36,-07:00,2025-04-11T18:46:36-07:00,1,18
style.css,99,css,6682deb2,karizabal,2025-04-11,18:46:36,-07:00,2025-04-11T18:46:36-07:00,1,18
style.css,100,css,6682deb2,karizabal,2025-04-11,18:46:36,-07:00,2025-04-11T18:46:36-07:00,0,0
style.css,101,css,6682deb2,karizabal,2025-04-11,18:46:36,-07:00,2025-04-11T18:46:36-07:00,0,0
style.css,102,css,6682deb2,karizabal,2025-04-11,18:46:36,-07:00,2025-04-11T18:46:36-07:00,0,9
style.css,103,css,fd59032f,karizabal,2025-04-18,18:19:51,-07:00,2025-04-18T18:19:51-07:00,0,12
style.css,104,css,fd59032f,karizabal,2025-04-18,18:19:51,-07:00,2025-04-18T18:19:51-07:00,0,12
style.css,105,css,6682deb2,karizabal,2025-04-11,18:46:36,-07:00,2025-04-11T18:46:36-07:00,1,12
style.css,106,css,6682deb2,karizabal,2025-04-11,18:46:36,-07:00,2025-04-11T18:46:36-07:00,0,0
style.css,107,css,6682deb2,karizabal,2025-04-11,18:46:36,-07:00,2025-04-11T18:46:36-07:00,0,0
style.css,108,css,6682deb2,karizabal,2025-04-11,18:46:36,-07:00,2025-04-11T18:46:36-07:00,0,11
style.css,109,css,6682deb2,karizabal,2025-04-11,18:46:36,-07:00,2025-04-11T18:46:36-07:00,1,18
style.css,110,css,6682deb2,karizabal,2025-04-11,18:46:36,-07:00,2025-04-11T18:46:36-07:00,1,12
style.css,111,css,6682deb2,karizabal,2025-04-11,18:46:36,-07:00,2025-04-11T18:46:36-07:00,0,0
style.css,112,css,6682deb2,karizabal,2025-04-11,18:46:36,-07:00,2025-04-11T18:46:36-07:00,0,0
style.css,113,css,6682deb2,karizabal,2025-04-11,18:46:36,-07:00,2025-04-11T18:46:36-07:00,0,9
style.css,114,css,6682deb2,karizabal,2025-04-11,18:46:36,-07:00,2025-04-11T18:46:36-07:00,1,12
style.css,115,css,6682deb2,karizabal,2025-04-11,18:46:36,-07:00,2025-04-11T18:46:36-07:00,1,58
style.css,116,css,6682deb2,karizabal,2025-04-11,18:46:36,-07:00,2025-04-11T18:46:36-07:00,1,27
style.css,117,css,6682deb2,karizabal,2025-04-11,18:46:36,-07:00,2025-04-11T18:46:36-07:00,1,7
style.css,118,css,6682deb2,karizabal,2025-04-11,18:46:36,-07:00,2025-04-11T18:46:36-07:00,0,0
style.css,119,css,6682deb2,karizabal,2025-04-11,18:46:36,-07:00,2025-04-11T18:46:36-07:00,0,0
style.css,120,css,a511ccb2,karizabal,2025-04-25,11:57:14,-07:00,2025-04-25T11:57:14-07:00,0,13
style.css,121,css,a511ccb2,karizabal,2025-04-25,11:57:14,-07:00,2025-04-25T11:57:14-07:00,1,14
style.css,122,css,a511ccb2,karizabal,2025-04-25,11:57:14,-07:00,2025-04-25T11:57:14-07:00,1,11
style.css,123,css,a511ccb2,karizabal,2025-04-25,11:57:14,-07:00,2025-04-25T11:57:14-07:00,0,0
style.css,124,css,a511ccb2,karizabal,2025-04-25,11:57:14,-07:00,2025-04-25T11:57:14-07:00,0,0
style.css,125,css,6682deb2,karizabal,2025-04-11,18:46:36,-07:00,2025-04-11T18:46:36-07:00,0,17
style.css,126,css,a511ccb2,karizabal,2025-04-25,11:57:14,-07:00,2025-04-25T11:57:14-07:00,1,12
style.css,127,css,a511ccb2,karizabal,2025-04-25,11:57:14,-07:00,2025-04-25T11:57:14-07:00,1,26
style.css,128,css,6682deb2,karizabal,2025-04-11,18:46:36,-07:00,2025-04-11T18:46:36-07:00,1,15
style.css,129,css,6682deb2,karizabal,2025-04-11,18:46:36,-07:00,2025-04-11T18:46:36-07:00,0,0
style.css,130,css,6682deb2,karizabal,2025-04-11,18:46:36,-07:00,2025-04-11T18:46:36-07:00,0,0
style.css,131,css,6682deb2,karizabal,2025-04-11,18:46:36,-07:00,2025-04-11T18:46:36-07:00,0,20
style.css,132,css,6682deb2,karizabal,2025-04-11,18:46:36,-07:00,2025-04-11T18:46:36-07:00,1,8
style.css,133,css,6682deb2,karizabal,2025-04-11,18:46:36,-07:00,2025-04-11T18:46:36-07:00,0,0
style.css,134,css,6682deb2,karizabal,2025-04-11,18:46:36,-07:00,2025-04-11T18:46:36-07:00,0,0
style.css,135,css,6682deb2,karizabal,2025-04-11,18:46:36,-07:00,2025-04-11T18:46:36-07:00,0,2
style.css,136,css,6682deb2,karizabal,2025-04-11,18:46:36,-07:00,2025-04-11T18:46:36-07:00,1,14
style.css,137,css,6682deb2,karizabal,2025-04-11,18:46:36,-07:00,2025-04-11T18:46:36-07:00,0,0
style.css,138,css,6682deb2,karizabal,2025-04-11,18:46:36,-07:00,2025-04-11T18:46:36-07:00,0,0
style.css,139,css,a511ccb2,karizabal,2025-04-25,11:57:14,-07:00,2025-04-25T11:57:14-07:00,0,2
style.css,140,css,a511ccb2,karizabal,2025-04-25,11:57:14,-07:00,2025-04-25T11:57:14-07:00,1,14
style.css,141,css,a511ccb2,karizabal,2025-04-25,11:57:14,-07:00,2025-04-25T11:57:14-07:00,0,0
style.css,142,css,a511ccb2,karizabal,2025-04-25,11:57:14,-07:00,2025-04-25T11:57:14-07:00,0,0
style.css,143,css,6682deb2,karizabal,2025-04-11,18:46:36,-07:00,2025-04-11T18:46:36-07:00,0,22
style.css,144,css,6682deb2,karizabal,2025-04-11,18:46:36,-07:00,2025-04-11T18:46:36-07:00,1,15
style.css,145,css,6682deb2,karizabal,2025-04-11,18:46:36,-07:00,2025-04-11T18:46:36-07:00,1,17
style.css,146,css,6682deb2,karizabal,2025-04-11,18:46:36,-07:00,2025-04-11T18:46:36-07:00,0,0
style.css,147,css,6682deb2,karizabal,2025-04-11,18:46:36,-07:00,2025-04-11T18:46:36-07:00,0,0
style.css,148,css,6682deb2,karizabal,2025-04-11,18:46:36,-07:00,2025-04-11T18:46:36-07:00,0,10
style.css,149,css,6682deb2,karizabal,2025-04-11,18:46:36,-07:00,2025-04-11T18:46:36-07:00,1,12
style.css,150,css,6682deb2,karizabal,2025-04-11,18:46:36,-07:00,2025-04-11T18:46:36-07:00,1,22
style.css,151,css,6682deb2,karizabal,2025-04-11,18:46:36,-07:00,2025-04-11T18:46:36-07:00,0,0
style.css,152,css,6682deb2,karizabal,2025-04-11,18:46:36,-07:00,2025-04-11T18:46:36-07:00,0,0
style.css,153,css,bc944db4,karizabal,2025-04-11,19:03:25,-07:00,2025-04-11T19:03:25-07:00,0,4
style.css,154,css,bc944db4,karizabal,2025-04-11,19:03:25,-07:00,2025-04-11T19:03:25-07:00,1,11
style.css,155,css,bc944db4,karizabal,2025-04-11,19:03:25,-07:00,2025-04-11T19:03:25-07:00,1,14
style.css,156,css,078089e0,karizabal,2025-04-11,19:08:10,-07:00,2025-04-11T19:08:10-07:00,1,14
style.css,157,css,bc944db4,karizabal,2025-04-11,19:03:25,-07:00,2025-04-11T19:03:25-07:00,0,0
style.css,158,css,bc944db4,karizabal,2025-04-11,19:03:25,-07:00,2025-04-11T19:03:25-07:00,0,0
style.css,159,css,6682deb2,karizabal,2025-04-11,18:46:36,-07:00,2025-04-11T18:46:36-07:00,0,12
style.css,160,css,6682deb2,karizabal,2025-04-11,18:46:36,-07:00,2025-04-11T18:46:36-07:00,1,15
style.css,161,css,6682deb2,karizabal,2025-04-11,18:46:36,-07:00,2025-04-11T18:46:36-07:00,1,17
style.css,162,css,6682deb2,karizabal,2025-04-11,18:46:36,-07:00,2025-04-11T18:46:36-07:00,0,0
style.css,163,css,6682deb2,karizabal,2025-04-11,18:46:36,-07:00,2025-04-11T18:46:36-07:00,0,0
style.css,164,css,6682deb2,karizabal,2025-04-11,18:46:36,-07:00,2025-04-11T18:46:36-07:00,0,7
style.css,165,css,6682deb2,karizabal,2025-04-11,18:46:36,-07:00,2025-04-11T18:46:36-07:00,1,12
style.css,166,css,6682deb2,karizabal,2025-04-11,18:46:36,-07:00,2025-04-11T18:46:36-07:00,1,29
style.css,167,css,6682deb2,karizabal,2025-04-11,18:46:36,-07:00,2025-04-11T18:46:36-07:00,1,18
style.css,168,css,6682deb2,karizabal,2025-04-11,18:46:36,-07:00,2025-04-11T18:46:36-07:00,1,14
style.css,169,css,6682deb2,karizabal,2025-04-11,18:46:36,-07:00,2025-04-11T18:46:36-07:00,0,0
style.css,170,css,6682deb2,karizabal,2025-04-11,18:46:36,-07:00,2025-04-11T18:46:36-07:00,0,0
style.css,171,css,6682deb2,karizabal,2025-04-11,18:46:36,-07:00,2025-04-11T18:46:36-07:00,0,11
style.css,172,css,6682deb2,karizabal,2025-04-11,18:46:36,-07:00,2025-04-11T18:46:36-07:00,0,19
style.css,173,css,6682deb2,karizabal,2025-04-11,18:46:36,-07:00,2025-04-11T18:46:36-07:00,1,12
style.css,174,css,6682deb2,karizabal,2025-04-11,18:46:36,-07:00,2025-04-11T18:46:36-07:00,1,10
style.css,175,css,6682deb2,karizabal,2025-04-11,18:46:36,-07:00,2025-04-11T18:46:36-07:00,1,16
style.css,176,css,6682deb2,karizabal,2025-04-11,18:46:36,-07:00,2025-04-11T18:46:36-07:00,1,18
style.css,177,css,6682deb2,karizabal,2025-04-11,18:46:36,-07:00,2025-04-11T18:46:36-07:00,0,0
style.css,178,css,6682deb2,karizabal,2025-04-11,18:46:36,-07:00,2025-04-11T18:46:36-07:00,0,0
style.css,179,css,6682deb2,karizabal,2025-04-11,18:46:36,-07:00,2025-04-11T18:46:36-07:00,0,7
style.css,180,css,6682deb2,karizabal,2025-04-11,18:46:36,-07:00,2025-04-11T18:46:36-07:00,1,19
style.css,181,css,6682deb2,karizabal,2025-04-11,18:46:36,-07:00,2025-04-11T18:46:36-07:00,1,13
style.css,182,css,6682deb2,karizabal,2025-04-11,18:46:36,-07:00,2025-04-11T18:46:36-07:00,0,0
style.css,183,css,6682deb2,karizabal,2025-04-11,18:46:36,-07:00,2025-04-11T18:46:36-07:00,0,0
style.css,184,css,6682deb2,karizabal,2025-04-11,18:46:36,-07:00,2025-04-11T18:46:36-07:00,0,7
style.css,185,css,6682deb2,karizabal,2025-04-11,18:46:36,-07:00,2025-04-11T18:46:36-07:00,1,18
style.css,186,css,6682deb2,karizabal,2025-04-11,18:46:36,-07:00,2025-04-11T18:46:36-07:00,1,14
style.css,187,css,16c71154,karizabal,2025-04-11,20:31:55,-07:00,2025-04-11T20:31:55-07:00,0,0
style.css,188,css,16c71154,karizabal,2025-04-11,20:31:55,-07:00,2025-04-11T20:31:55-07:00,0,0
style.css,189,css,16c71154,karizabal,2025-04-11,20:31:55,-07:00,2025-04-11T20:31:55-07:00,0,5
style.css,190,css,16c71154,karizabal,2025-04-11,20:31:55,-07:00,2025-04-11T20:31:55-07:00,1,45
style.css,191,css,a511ccb2,karizabal,2025-04-25,11:57:14,-07:00,2025-04-25T11:57:14-07:00,0,0
style.css,192,css,a511ccb2,karizabal,2025-04-25,11:57:14,-07:00,2025-04-25T11:57:14-07:00,0,0
style.css,193,css,a511ccb2,karizabal,2025-04-25,11:57:14,-07:00,2025-04-25T11:57:14-07:00,0,2
style.css,194,css,a511ccb2,karizabal,2025-04-25,11:57:14,-07:00,2025-04-25T11:57:14-07:00,1,12
style.css,195,css,a511ccb2,karizabal,2025-04-25,11:57:14,-07:00,2025-04-25T11:57:14-07:00,1,27
style.css,196,css,bb050fe0,karizabal,2025-05-02,17:23:16,-07:00,2025-05-02T17:23:16-07:00,0,0
style.css,197,css,a511ccb2,karizabal,2025-04-25,11:57:14,-07:00,2025-04-25T11:57:14-07:00,0,0
style.css,198,css,bb050fe0,karizabal,2025-05-02,17:23:16,-07:00,2025-05-02T17:23:16-07:00,0,5
style.css,199,css,bb050fe0,karizabal,2025-05-02,17:23:16,-07:00,2025-05-02T17:23:16-07:00,1,10
style.css,200,css,bb050fe0,karizabal,2025-05-02,17:23:16,-07:00,2025-05-02T17:23:16-07:00,1,19
style.css,201,css,bb050fe0,karizabal,2025-05-02,17:23:16,-07:00,2025-05-02T17:23:16-07:00,1,24
style.css,202,css,bb050fe0,karizabal,2025-05-02,17:23:16,-07:00,2025-05-02T17:23:16-07:00,0,0
style.css,203,css,a511ccb2,karizabal,2025-04-25,11:57:14,-07:00,2025-04-25T11:57:14-07:00,0,0
style.css,204,css,bb050fe0,karizabal,2025-05-02,17:23:16,-07:00,2025-05-02T17:23:16-07:00,0,5
style.css,205,css,bb050fe0,karizabal,2025-05-02,17:23:16,-07:00,2025-05-02T17:23:16-07:00,1,10
style.css,206,css,bb050fe0,karizabal,2025-05-02,17:23:16,-07:00,2025-05-02T17:23:16-07:00,1,16
style.css,207,css,bb050fe0,karizabal,2025-05-02,17:23:16,-07:00,2025-05-02T17:23:16-07:00,1,13
style.css,208,css,bb050fe0,karizabal,2025-05-02,17:23:16,-07:00,2025-05-02T17:23:16-07:00,1,14
style.css,209,css,a511ccb2,karizabal,2025-04-25,11:57:14,-07:00,2025-04-25T11:57:14-07:00,0,0
style.css,210,css,a511ccb2,karizabal,2025-04-25,11:57:14,-07:00,2025-04-25T11:57:14-07:00,0,0
style.css,211,css,a511ccb2,karizabal,2025-04-25,11:57:14,-07:00,2025-04-25T11:57:14-07:00,0,9
style.css,212,css,a511ccb2,karizabal,2025-04-25,11:57:14,-07:00,2025-04-25T11:57:14-07:00,1,25
style.css,213,css,a511ccb2,karizabal,2025-04-25,11:57:14,-07:00,2025-04-25T11:57:14-07:00,1,23
style.css,214,css,818076f5,karizabal,2025-05-02,00:04:43,-07:00,2025-05-02T00:04:43-07:00,0,0
style.css,215,css,bb050fe0,karizabal,2025-05-02,17:23:16,-07:00,2025-05-02T17:23:16-07:00,0,0
style.css,216,css,bb050fe0,karizabal,2025-05-02,17:23:16,-07:00,2025-05-02T17:23:16-07:00,0,0
style.css,217,css,bb050fe0,karizabal,2025-05-02,17:23:16,-07:00,2025-05-02T17:23:16-07:00,0,14
style.css,218,css,bb050fe0,karizabal,2025-05-02,17:23:16,-07:00,2025-05-02T17:23:16-07:00,1,14
style.css,219,css,bb050fe0,karizabal,2025-05-02,17:23:16,-07:00,2025-05-02T17:23:16-07:00,1,16
style.css,220,css,bb050fe0,karizabal,2025-05-02,17:23:16,-07:00,2025-05-02T17:23:16-07:00,1,16
style.css,221,css,bb050fe0,karizabal,2025-05-02,17:23:16,-07:00,2025-05-02T17:23:16-07:00,1,14
style.css,222,css,bb050fe0,karizabal,2025-05-02,17:23:16,-07:00,2025-05-02T17:23:16-07:00,0,0
style.css,223,css,bb050fe0,karizabal,2025-05-02,17:23:16,-07:00,2025-05-02T17:23:16-07:00,0,0
style.css,224,css,bb050fe0,karizabal,2025-05-02,17:23:16,-07:00,2025-05-02T17:23:16-07:00,0,7
style.css,225,css,bb050fe0,karizabal,2025-05-02,17:23:16,-07:00,2025-05-02T17:23:16-07:00,1,12
style.css,226,css,bb050fe0,karizabal,2025-05-02,17:23:16,-07:00,2025-05-02T17:23:16-07:00,1,58
style.css,227,css,bb050fe0,karizabal,2025-05-02,17:23:16,-07:00,2025-05-02T17:23:16-07:00,1,16
style.css,228,css,bb050fe0,karizabal,2025-05-02,17:23:16,-07:00,2025-05-02T17:23:16-07:00,1,9
style.css,229,css,bb050fe0,karizabal,2025-05-02,17:23:16,-07:00,2025-05-02T17:23:16-07:00,1,14
style.css,230,css,592144a5,karizabal,2025-05-02,20:52:45,-07:00,2025-05-02T20:52:45-07:00,1,10
style.css,231,css,bb050fe0,karizabal,2025-05-02,17:23:16,-07:00,2025-05-02T17:23:16-07:00,1,21
style.css,232,css,bb050fe0,karizabal,2025-05-02,17:23:16,-07:00,2025-05-02T17:23:16-07:00,1,6
style.css,233,css,bb050fe0,karizabal,2025-05-02,17:23:16,-07:00,2025-05-02T17:23:16-07:00,0,0
style.css,234,css,bb050fe0,karizabal,2025-05-02,17:23:16,-07:00,2025-05-02T17:23:16-07:00,0,0
style.css,235,css,5f8c071f,karizabal,2025-05-02,19:53:12,-07:00,2025-05-02T19:53:12-07:00,0,10
style.css,236,css,bb050fe0,karizabal,2025-05-02,17:23:16,-07:00,2025-05-02T17:23:16-07:00,1,12
style.css,237,css,bb050fe0,karizabal,2025-05-02,17:23:16,-07:00,2025-05-02T17:23:16-07:00,1,18
style.css,238,css,bb050fe0,karizabal,2025-05-02,17:23:16,-07:00,2025-05-02T17:23:16-07:00,1,9
style.css,239,css,bb050fe0,karizabal,2025-05-02,17:23:16,-07:00,2025-05-02T17:23:16-07:00,0,0
style.css,240,css,bb050fe0,karizabal,2025-05-02,17:23:16,-07:00,2025-05-02T17:23:16-07:00,0,0
style.css,241,css,bb050fe0,karizabal,2025-05-02,17:23:16,-07:00,2025-05-02T17:23:16-07:00,0,7
style.css,242,css,bb050fe0,karizabal,2025-05-02,17:23:16,-07:00,2025-05-02T17:23:16-07:00,1,29
style.css,243,css,bb050fe0,karizabal,2025-05-02,17:23:16,-07:00,2025-05-02T17:23:16-07:00,1,17
style.css,244,css,bb050fe0,karizabal,2025-05-02,17:23:16,-07:00,2025-05-02T17:23:16-07:00,1,11
style.css,245,css,bb050fe0,karizabal,2025-05-02,17:23:16,-07:00,2025-05-02T17:23:16-07:00,1,18
style.css,246,css,bb050fe0,karizabal,2025-05-02,17:23:16,-07:00,2025-05-02T17:23:16-07:00,0,0
style.css,247,css,bb050fe0,karizabal,2025-05-02,17:23:16,-07:00,2025-05-02T17:23:16-07:00,0,0
style.css,248,css,bb050fe0,karizabal,2025-05-02,17:23:16,-07:00,2025-05-02T17:23:16-07:00,0,6
style.css,249,css,bb050fe0,karizabal,2025-05-02,17:23:16,-07:00,2025-05-02T17:23:16-07:00,1,19
style.css,250,css,bb050fe0,karizabal,2025-05-02,17:23:16,-07:00,2025-05-02T17:23:16-07:00,0,0
style.css,251,css,bb050fe0,karizabal,2025-05-02,17:23:16,-07:00,2025-05-02T17:23:16-07:00,0,0
style.css,252,css,bb050fe0,karizabal,2025-05-02,17:23:16,-07:00,2025-05-02T17:23:16-07:00,0,14
style.css,253,css,bb050fe0,karizabal,2025-05-02,17:23:16,-07:00,2025-05-02T17:23:16-07:00,1,12
style.css,254,css,bb050fe0,karizabal,2025-05-02,17:23:16,-07:00,2025-05-02T17:23:16-07:00,1,18
style.css,255,css,bb050fe0,karizabal,2025-05-02,17:23:16,-07:00,2025-05-02T17:23:16-07:00,0,0
style.css,256,css,5f8c071f,karizabal,2025-05-02,19:53:12,-07:00,2025-05-02T19:53:12-07:00,0,0
style.css,257,css,5f8c071f,karizabal,2025-05-02,19:53:12,-07:00,2025-05-02T19:53:12-07:00,0,17
style.css,258,css,5f8c071f,karizabal,2025-05-02,19:53:12,-07:00,2025-05-02T19:53:12-07:00,1,16
style.css,259,css,5f8c071f,karizabal,2025-05-02,19:53:12,-07:00,2025-05-02T19:53:12-07:00,2,11
style.css,260,css,5f8c071f,karizabal,2025-05-02,19:53:12,-07:00,2025-05-02T19:53:12-07:00,1,0
style.css,261,css,5f8c071f,karizabal,2025-05-02,19:53:12,-07:00,2025-05-02T19:53:12-07:00,0,0
style.css,262,css,5f8c071f,karizabal,2025-05-02,19:53:12,-07:00,2025-05-02T19:53:12-07:00,0,0
style.css,263,css,5f8c071f,karizabal,2025-05-02,19:53:12,-07:00,2025-05-02T19:53:12-07:00,0,4
style.css,264,css,5f8c071f,karizabal,2025-05-02,19:53:12,-07:00,2025-05-02T19:53:12-07:00,1,16
style.css,265,css,5f8c071f,karizabal,2025-05-02,19:53:12,-07:00,2025-05-02T19:53:12-07:00,1,14
style.css,266,css,5f8c071f,karizabal,2025-05-02,19:53:12,-07:00,2025-05-02T19:53:12-07:00,0,0
style.css,267,css,5f8c071f,karizabal,2025-05-02,19:53:12,-07:00,2025-05-02T19:53:12-07:00,0,0
style.css,268,css,5f8c071f,karizabal,2025-05-02,19:53:12,-07:00,2025-05-02T19:53:12-07:00,0,9
style.css,269,css,5f8c071f,karizabal,2025-05-02,19:53:12,-07:00,2025-05-02T19:53:12-07:00,1,35
style.css,270,css,5f8c071f,karizabal,2025-05-02,19:53:12,-07:00,2025-05-02T19:53:12-07:00,0,0
style.css,271,css,5f8c071f,karizabal,2025-05-02,19:53:12,-07:00,2025-05-02T19:53:12-07:00,1,10
style.css,272,css,5f8c071f,karizabal,2025-05-02,19:53:12,-07:00,2025-05-02T19:53:12-07:00,2,17
style.css,273,css,5f8c071f,karizabal,2025-05-02,19:53:12,-07:00,2025-05-02T19:53:12-07:00,1,0
style.css,274,css,06541ef6,karizabal,2025-05-02,22:50:15,-07:00,2025-05-02T22:50:15-07:00,0,0
style.css,275,css,06541ef6,karizabal,2025-05-02,22:50:15,-07:00,2025-05-02T22:50:15-07:00,0,0
style.css,276,css,06541ef6,karizabal,2025-05-02,22:50:15,-07:00,2025-05-02T22:50:15-07:00,0,10
style.css,277,css,06541ef6,karizabal,2025-05-02,22:50:15,-07:00,2025-05-02T22:50:15-07:00,1,13
style.css,278,css,06541ef6,karizabal,2025-05-02,22:50:15,-07:00,2025-05-02T22:50:15-07:00,1,10
style.css,279,css,5f8c071f,karizabal,2025-05-02,19:53:12,-07:00,2025-05-02T19:53:12-07:00,0,0
index.js,1,js,a511ccb2,karizabal,2025-04-25,11:57:14,-07:00,2025-04-25T11:57:14-07:00,0,71
index.js,2,js,a511ccb2,karizabal,2025-04-25,11:57:14,-07:00,2025-04-25T11:57:14-07:00,0,0
index.js,3,js,a511ccb2,karizabal,2025-04-25,11:57:14,-07:00,2025-04-25T11:57:14-07:00,0,54
index.js,4,js,a511ccb2,karizabal,2025-04-25,11:57:14,-07:00,2025-04-25T11:57:14-07:00,0,42
index.js,5,js,a511ccb2,karizabal,2025-04-25,11:57:14,-07:00,2025-04-25T11:57:14-07:00,0,60
index.js,6,js,a511ccb2,karizabal,2025-04-25,11:57:14,-07:00,2025-04-25T11:57:14-07:00,0,54
index.js,7,js,a511ccb2,karizabal,2025-04-25,11:57:14,-07:00,2025-04-25T11:57:14-07:00,0,0
index.js,8,js,a511ccb2,karizabal,2025-04-25,11:57:14,-07:00,2025-04-25T11:57:14-07:00,0,52
index.js,9,js,a511ccb2,karizabal,2025-04-25,11:57:14,-07:00,2025-04-25T11:57:14-07:00,0,60
index.js,10,js,a511ccb2,karizabal,2025-04-25,11:57:14,-07:00,2025-04-25T11:57:14-07:00,0,0
index.js,11,js,a511ccb2,karizabal,2025-04-25,11:57:14,-07:00,2025-04-25T11:57:14-07:00,0,17
index.js,12,js,a511ccb2,karizabal,2025-04-25,11:57:14,-07:00,2025-04-25T11:57:14-07:00,2,24
index.js,13,js,a511ccb2,karizabal,2025-04-25,11:57:14,-07:00,2025-04-25T11:57:14-07:00,5,2
index.js,14,js,818076f5,karizabal,2025-05-02,00:04:43,-07:00,2025-05-02T00:04:43-07:00,6,47
index.js,15,js,818076f5,karizabal,2025-05-02,00:04:43,-07:00,2025-05-02T00:04:43-07:00,6,47
index.js,16,js,818076f5,karizabal,2025-05-02,00:04:43,-07:00,2025-05-02T00:04:43-07:00,6,48
index.js,17,js,818076f5,karizabal,2025-05-02,00:04:43,-07:00,2025-05-02T00:04:43-07:00,6,48
index.js,18,js,a511ccb2,karizabal,2025-04-25,11:57:14,-07:00,2025-04-25T11:57:14-07:00,5,3
index.js,19,js,a511ccb2,karizabal,2025-04-25,11:57:14,-07:00,2025-04-25T11:57:14-07:00,3,0
index.js,20,js,a511ccb2,karizabal,2025-04-25,11:57:14,-07:00,2025-04-25T11:57:14-07:00,1,0
index.html,1,html,b3d00343,karizabal,2025-04-03,18:35:45,-07:00,2025-04-03T18:35:45-07:00,0,13
index.html,2,html,b3d00343,karizabal,2025-04-03,18:35:45,-07:00,2025-04-03T18:35:45-07:00,0,14
index.html,3,html,b3d00343,karizabal,2025-04-03,18:35:45,-07:00,2025-04-03T18:35:45-07:00,0,4
index.html,4,html,b3d00343,karizabal,2025-04-03,18:35:45,-07:00,2025-04-03T18:35:45-07:00,2,20
index.html,5,html,b3d00343,karizabal,2025-04-03,18:35:45,-07:00,2025-04-03T18:35:45-07:00,2,68
index.html,6,html,be07beaf,karizabal,2025-04-18,19:08:52,-07:00,2025-04-18T19:08:52-07:00,2,6
index.html,7,html,be07beaf,karizabal,2025-04-18,19:08:52,-07:00,2025-04-18T19:08:52-07:00,4,11
index.html,8,html,be07beaf,karizabal,2025-04-18,19:08:52,-07:00,2025-04-18T19:08:52-07:00,5,48
index.html,9,html,be07beaf,karizabal,2025-04-18,19:08:52,-07:00,2025-04-18T19:08:52-07:00,5,75
index.html,10,html,be07beaf,karizabal,2025-04-18,19:08:52,-07:00,2025-04-18T19:08:52-07:00,5,12
index.html,11,html,be07beaf,karizabal,2025-04-18,19:08:52,-07:00,2025-04-18T19:08:52-07:00,6,24
index.html,12,html,be07beaf,karizabal,2025-04-18,19:08:52,-07:00,2025-04-18T19:08:52-07:00,7,31
index.html,13,html,be07beaf,karizabal,2025-04-18,19:08:52,-07:00,2025-04-18T19:08:52-07:00,7,6
index.html,14,html,be07beaf,karizabal,2025-04-18,19:08:52,-07:00,2025-04-18T19:08:52-07:00,5,58
index.html,15,html,be07beaf,karizabal,2025-04-18,19:08:52,-07:00,2025-04-18T19:08:52-07:00,4,3
index.html,16,html,be07beaf,karizabal,2025-04-18,19:08:52,-07:00,2025-04-18T19:08:52-07:00,3,7
index.html,17,html,b3d00343,karizabal,2025-04-03,18:35:45,-07:00,2025-04-03T18:35:45-07:00,2,54
index.html,18,html,fd59032f,karizabal,2025-04-18,18:19:51,-07:00,2025-04-18T18:19:51-07:00,2,39
index.html,19,html,a511ccb2,karizabal,2025-04-25,11:57:14,-07:00,2025-04-25T11:57:14-07:00,2,46
index.html,20,html,a511ccb2,karizabal,2025-04-25,11:57:14,-07:00,2025-04-25T11:57:14-07:00,2,44
index.html,21,html,b3d00343,karizabal,2025-04-03,18:35:45,-07:00,2025-04-03T18:35:45-07:00,0,5
index.html,22,html,b3d00343,karizabal,2025-04-03,18:35:45,-07:00,2025-04-03T18:35:45-07:00,0,4
index.html,23,html,be07beaf,karizabal,2025-04-18,19:08:52,-07:00,2025-04-18T19:08:52-07:00,2,24
index.html,24,html,a511ccb2,karizabal,2025-04-25,11:57:14,-07:00,2025-04-25T11:57:14-07:00,4,6
index.html,25,html,a511ccb2,karizabal,2025-04-25,11:57:14,-07:00,2025-04-25T11:57:14-07:00,6,19
index.html,26,html,a511ccb2,karizabal,2025-04-25,11:57:14,-07:00,2025-04-25T11:57:14-07:00,4,7
index.html,27,html,818076f5,karizabal,2025-05-02,00:04:43,-07:00,2025-05-02T00:04:43-07:00,4,292
index.html,28,html,be07beaf,karizabal,2025-04-18,19:08:52,-07:00,2025-04-18T19:08:52-07:00,4,110
index.html,29,html,be07beaf,karizabal,2025-04-18,19:08:52,-07:00,2025-04-18T19:08:52-07:00,4,233
index.html,30,html,a511ccb2,karizabal,2025-04-25,11:57:14,-07:00,2025-04-25T11:57:14-07:00,4,6
index.html,31,html,a511ccb2,karizabal,2025-04-25,11:57:14,-07:00,2025-04-25T11:57:14-07:00,6,22
index.html,32,html,a511ccb2,karizabal,2025-04-25,11:57:14,-07:00,2025-04-25T11:57:14-07:00,4,7
index.html,33,html,a511ccb2,karizabal,2025-04-25,11:57:14,-07:00,2025-04-25T11:57:14-07:00,4,26
index.html,34,html,a511ccb2,karizabal,2025-04-25,11:57:14,-07:00,2025-04-25T11:57:14-07:00,4,6
index.html,35,html,a511ccb2,karizabal,2025-04-25,11:57:14,-07:00,2025-04-25T11:57:14-07:00,6,19
index.html,36,html,a511ccb2,karizabal,2025-04-25,11:57:14,-07:00,2025-04-25T11:57:14-07:00,4,7
index.html,37,html,a511ccb2,karizabal,2025-04-25,11:57:14,-07:00,2025-04-25T11:57:14-07:00,4,28
index.html,38,html,be07beaf,karizabal,2025-04-18,19:08:52,-07:00,2025-04-18T19:08:52-07:00,2,4
index.html,39,html,b3d00343,karizabal,2025-04-03,18:35:45,-07:00,2025-04-03T18:35:45-07:00,0,5
index.html,40,html,b3d00343,karizabal,2025-04-03,18:35:45,-07:00,2025-04-03T18:35:45-07:00,0,5
global.js,1,js,fd59032f,karizabal,2025-04-18,18:19:51,-07:00,2025-04-18T18:19:51-07:00,0,41
global.js,2,js,fd59032f,karizabal,2025-04-18,18:19:51,-07:00,2025-04-18T18:19:51-07:00,1,52
global.js,3,js,fd59032f,karizabal,2025-04-18,18:19:51,-07:00,2025-04-18T18:19:51-07:00,0,0
global.js,4,js,fd59032f,karizabal,2025-04-18,18:19:51,-07:00,2025-04-18T18:19:51-07:00,0,0
global.js,5,js,fd59032f,karizabal,2025-04-18,18:19:51,-07:00,2025-04-18T18:19:51-07:00,0,88
global.js,6,js,fd59032f,karizabal,2025-04-18,18:19:51,-07:00,2025-04-18T18:19:51-07:00,1,3
global.js,7,js,fa507e5a,karizabal,2025-04-18,19:13:58,-07:00,2025-04-18T19:13:58-07:00,1,14
global.js,8,js,fd59032f,karizabal,2025-04-18,18:19:51,-07:00,2025-04-18T18:19:51-07:00,0,0
global.js,9,js,fd59032f,karizabal,2025-04-18,18:19:51,-07:00,2025-04-18T18:19:51-07:00,0,11
global.js,10,js,fd59032f,karizabal,2025-04-18,18:19:51,-07:00,2025-04-18T18:19:51-07:00,2,25
global.js,11,js,fd59032f,karizabal,2025-04-18,18:19:51,-07:00,2025-04-18T18:19:51-07:00,2,38
global.js,12,js,fd59032f,karizabal,2025-04-18,18:19:51,-07:00,2025-04-18T18:19:51-07:00,2,34
global.js,13,js,fd59032f,karizabal,2025-04-18,18:19:51,-07:00,2025-04-18T18:19:51-07:00,2,36
global.js,14,js,00000000,Not Committed Yet,2025-05-07,13:21:12,-07:00,2025-05-07T13:21:12-07:00,2,30
global.js,15,js,fd59032f,karizabal,2025-04-18,18:19:51,-07:00,2025-04-18T18:19:51-07:00,2,55
global.js,16,js,fd59032f,karizabal,2025-04-18,18:19:51,-07:00,2025-04-18T18:19:51-07:00,0,0
global.js,17,js,fd59032f,karizabal,2025-04-18,18:19:51,-07:00,2025-04-18T18:19:51-07:00,0,0
global.js,18,js,fd59032f,karizabal,2025-04-18,18:19:51,-07:00,2025-04-18T18:19:51-07:00,0,38
global.js,19,js,fd59032f,karizabal,2025-04-18,18:19:51,-07:00,2025-04-18T18:19:51-07:00,0,25
global.js,20,js,fd59032f,karizabal,2025-04-18,18:19:51,-07:00,2025-04-18T18:19:51-07:00,0,0
global.js,21,js,fd59032f,karizabal,2025-04-18,18:19:51,-07:00,2025-04-18T18:19:51-07:00,0,20
global.js,22,js,fd59032f,karizabal,2025-04-18,18:19:51,-07:00,2025-04-18T18:19:51-07:00,2,14
global.js,23,js,fd59032f,karizabal,2025-04-18,18:19:51,-07:00,2025-04-18T18:19:51-07:00,2,52
global.js,24,js,fd59032f,karizabal,2025-04-18,18:19:51,-07:00,2025-04-18T18:19:51-07:00,2,18
global.js,25,js,fd59032f,karizabal,2025-04-18,18:19:51,-07:00,2025-04-18T18:19:51-07:00,2,34
global.js,26,js,fd59032f,karizabal,2025-04-18,18:19:51,-07:00,2025-04-18T18:19:51-07:00,2,11
global.js,27,js,fd59032f,karizabal,2025-04-18,18:19:51,-07:00,2025-04-18T18:19:51-07:00,2,20
global.js,28,js,fd59032f,karizabal,2025-04-18,18:19:51,-07:00,2025-04-18T18:19:51-07:00,2,65
global.js,29,js,fd59032f,karizabal,2025-04-18,18:19:51,-07:00,2025-04-18T18:19:51-07:00,4,25
global.js,30,js,fd59032f,karizabal,2025-04-18,18:19:51,-07:00,2025-04-18T18:19:51-07:00,2,0
global.js,31,js,fd59032f,karizabal,2025-04-18,18:19:51,-07:00,2025-04-18T18:19:51-07:00,2,29
global.js,32,js,fd59032f,karizabal,2025-04-18,18:19:51,-07:00,2025-04-18T18:19:51-07:00,4,18
global.js,33,js,fd59032f,karizabal,2025-04-18,18:19:51,-07:00,2025-04-18T18:19:51-07:00,2,0
global.js,34,js,fd59032f,karizabal,2025-04-18,18:19:51,-07:00,2025-04-18T18:19:51-07:00,2,12
global.js,35,js,fd59032f,karizabal,2025-04-18,18:19:51,-07:00,2025-04-18T18:19:51-07:00,0,0
global.js,36,js,fd59032f,karizabal,2025-04-18,18:19:51,-07:00,2025-04-18T18:19:51-07:00,0,0
global.js,37,js,fd59032f,karizabal,2025-04-18,18:19:51,-07:00,2025-04-18T18:19:51-07:00,0,31
global.js,38,js,fd59032f,karizabal,2025-04-18,18:19:51,-07:00,2025-04-18T18:19:51-07:00,2,11
global.js,39,js,fd59032f,karizabal,2025-04-18,18:19:51,-07:00,2025-04-18T18:19:51-07:00,2,0
global.js,40,js,fd59032f,karizabal,2025-04-18,18:19:51,-07:00,2025-04-18T18:19:51-07:00,3,26
global.js,41,js,fd59032f,karizabal,2025-04-18,18:19:51,-07:00,2025-04-18T18:19:51-07:00,5,4
global.js,42,js,fd59032f,karizabal,2025-04-18,18:19:51,-07:00,2025-04-18T18:19:51-07:00,5,6
global.js,43,js,fd59032f,karizabal,2025-04-18,18:19:51,-07:00,2025-04-18T18:19:51-07:00,7,24
global.js,44,js,fd59032f,karizabal,2025-04-18,18:19:51,-07:00,2025-04-18T18:19:51-07:00,7,19
global.js,45,js,fd59032f,karizabal,2025-04-18,18:19:51,-07:00,2025-04-18T18:19:51-07:00,7,20
global.js,46,js,fd59032f,karizabal,2025-04-18,18:19:51,-07:00,2025-04-18T18:19:51-07:00,5,7
global.js,47,js,fd59032f,karizabal,2025-04-18,18:19:51,-07:00,2025-04-18T18:19:51-07:00,3,8
global.js,48,js,fd59032f,karizabal,2025-04-18,18:19:51,-07:00,2025-04-18T18:19:51-07:00,0,0
global.js,49,js,fd59032f,karizabal,2025-04-18,18:19:51,-07:00,2025-04-18T18:19:51-07:00,0,0
global.js,50,js,fd59032f,karizabal,2025-04-18,18:19:51,-07:00,2025-04-18T18:19:51-07:00,0,50
global.js,51,js,fd59032f,karizabal,2025-04-18,18:19:51,-07:00,2025-04-18T18:19:51-07:00,0,0
global.js,52,js,fd59032f,karizabal,2025-04-18,18:19:51,-07:00,2025-04-18T18:19:51-07:00,0,31
global.js,53,js,fd59032f,karizabal,2025-04-18,18:19:51,-07:00,2025-04-18T18:19:51-07:00,2,65
global.js,54,js,fd59032f,karizabal,2025-04-18,18:19:51,-07:00,2025-04-18T18:19:51-07:00,0,0
global.js,55,js,fd59032f,karizabal,2025-04-18,18:19:51,-07:00,2025-04-18T18:19:51-07:00,0,0
global.js,56,js,fd59032f,karizabal,2025-04-18,18:19:51,-07:00,2025-04-18T18:19:51-07:00,0,34
global.js,57,js,fd59032f,karizabal,2025-04-18,18:19:51,-07:00,2025-04-18T18:19:51-07:00,2,39
global.js,58,js,fd59032f,karizabal,2025-04-18,18:19:51,-07:00,2025-04-18T18:19:51-07:00,2,38
global.js,59,js,fd59032f,karizabal,2025-04-18,18:19:51,-07:00,2025-04-18T18:19:51-07:00,0,0
global.js,60,js,fd59032f,karizabal,2025-04-18,18:19:51,-07:00,2025-04-18T18:19:51-07:00,0,0
global.js,61,js,be07beaf,karizabal,2025-04-18,19:08:52,-07:00,2025-04-18T19:08:52-07:00,0,49
global.js,62,js,be07beaf,karizabal,2025-04-18,19:08:52,-07:00,2025-04-18T19:08:52-07:00,2,34
global.js,63,js,be07beaf,karizabal,2025-04-18,19:08:52,-07:00,2025-04-18T19:08:52-07:00,2,46
global.js,64,js,be07beaf,karizabal,2025-04-18,19:08:52,-07:00,2025-04-18T19:08:52-07:00,0,1
global.js,65,js,be07beaf,karizabal,2025-04-18,19:08:52,-07:00,2025-04-18T19:08:52-07:00,0,0
global.js,66,js,fd59032f,karizabal,2025-04-18,18:19:51,-07:00,2025-04-18T18:19:51-07:00,0,39
global.js,67,js,fd59032f,karizabal,2025-04-18,18:19:51,-07:00,2025-04-18T18:19:51-07:00,0,0
global.js,68,js,fd59032f,karizabal,2025-04-18,18:19:51,-07:00,2025-04-18T18:19:51-07:00,0,49
global.js,69,js,fd59032f,karizabal,2025-04-18,18:19:51,-07:00,2025-04-18T18:19:51-07:00,2,21
global.js,70,js,fd59032f,karizabal,2025-04-18,18:19:51,-07:00,2025-04-18T18:19:51-07:00,2,30
global.js,71,js,fd59032f,karizabal,2025-04-18,18:19:51,-07:00,2025-04-18T18:19:51-07:00,2,16
global.js,72,js,fd59032f,karizabal,2025-04-18,18:19:51,-07:00,2025-04-18T18:19:51-07:00,2,31
global.js,73,js,fd59032f,karizabal,2025-04-18,18:19:51,-07:00,2025-04-18T18:19:51-07:00,4,50
global.js,74,js,fd59032f,karizabal,2025-04-18,18:19:51,-07:00,2025-04-18T18:19:51-07:00,2,0
global.js,75,js,fd59032f,karizabal,2025-04-18,18:19:51,-07:00,2025-04-18T18:19:51-07:00,2,29
global.js,76,js,fd59032f,karizabal,2025-04-18,18:19:51,-07:00,2025-04-18T18:19:51-07:00,2,36
global.js,77,js,fd59032f,karizabal,2025-04-18,18:19:51,-07:00,2025-04-18T18:19:51-07:00,2,18
global.js,78,js,fd59032f,karizabal,2025-04-18,18:19:51,-07:00,2025-04-18T18:19:51-07:00,0,1
global.js,79,js,a511ccb2,karizabal,2025-04-25,11:57:14,-07:00,2025-04-25T11:57:14-07:00,0,0
global.js,80,js,a511ccb2,karizabal,2025-04-25,11:57:14,-07:00,2025-04-25T11:57:14-07:00,0,36
global.js,81,js,a511ccb2,karizabal,2025-04-25,11:57:14,-07:00,2025-04-25T11:57:14-07:00,2,3
global.js,82,js,a511ccb2,karizabal,2025-04-25,11:57:14,-07:00,2025-04-25T11:57:14-07:00,4,32
global.js,83,js,a511ccb2,karizabal,2025-04-25,11:57:14,-07:00,2025-04-25T11:57:14-07:00,4,20
global.js,84,js,a511ccb2,karizabal,2025-04-25,11:57:14,-07:00,2025-04-25T11:57:14-07:00,4,17
global.js,85,js,a511ccb2,karizabal,2025-04-25,11:57:14,-07:00,2025-04-25T11:57:14-07:00,6,66
global.js,86,js,a511ccb2,karizabal,2025-04-25,11:57:14,-07:00,2025-04-25T11:57:14-07:00,4,0
global.js,87,js,a511ccb2,karizabal,2025-04-25,11:57:14,-07:00,2025-04-25T11:57:14-07:00,4,33
global.js,88,js,a511ccb2,karizabal,2025-04-25,11:57:14,-07:00,2025-04-25T11:57:14-07:00,4,10
global.js,89,js,a511ccb2,karizabal,2025-04-25,11:57:14,-07:00,2025-04-25T11:57:14-07:00,2,15
global.js,90,js,a511ccb2,karizabal,2025-04-25,11:57:14,-07:00,2025-04-25T11:57:14-07:00,4,59
global.js,91,js,a511ccb2,karizabal,2025-04-25,11:57:14,-07:00,2025-04-25T11:57:14-07:00,2,0
global.js,92,js,a511ccb2,karizabal,2025-04-25,11:57:14,-07:00,2025-04-25T11:57:14-07:00,0,0
global.js,93,js,a511ccb2,karizabal,2025-04-25,11:57:14,-07:00,2025-04-25T11:57:14-07:00,0,0
global.js,94,js,a511ccb2,karizabal,2025-04-25,11:57:14,-07:00,2025-04-25T11:57:14-07:00,0,79
global.js,95,js,a511ccb2,karizabal,2025-04-25,11:57:14,-07:00,2025-04-25T11:57:14-07:00,2,30
global.js,96,js,a511ccb2,karizabal,2025-04-25,11:57:14,-07:00,2025-04-25T11:57:14-07:00,2,27
global.js,97,js,a511ccb2,karizabal,2025-04-25,11:57:14,-07:00,2025-04-25T11:57:14-07:00,4,48
global.js,98,js,818076f5,karizabal,2025-05-02,00:04:43,-07:00,2025-05-02T00:04:43-07:00,4,93
global.js,99,js,a511ccb2,karizabal,2025-04-25,11:57:14,-07:00,2025-04-25T11:57:14-07:00,4,19
global.js,100,js,a511ccb2,karizabal,2025-04-25,11:57:14,-07:00,2025-04-25T11:57:14-07:00,6,49
global.js,101,js,818076f5,karizabal,2025-05-02,00:04:43,-07:00,2025-05-02T00:04:43-07:00,6,43
global.js,102,js,bb050fe0,karizabal,2025-05-02,17:23:16,-07:00,2025-05-02T17:23:16-07:00,6,63
global.js,103,js,a511ccb2,karizabal,2025-04-25,11:57:14,-07:00,2025-04-25T11:57:14-07:00,4,0
global.js,104,js,a511ccb2,karizabal,2025-04-25,11:57:14,-07:00,2025-04-25T11:57:14-07:00,4,36
global.js,105,js,a511ccb2,karizabal,2025-04-25,11:57:14,-07:00,2025-04-25T11:57:14-07:00,2,1
global.js,106,js,a511ccb2,karizabal,2025-04-25,11:57:14,-07:00,2025-04-25T11:57:14-07:00,0,0
global.js,107,js,a511ccb2,karizabal,2025-04-25,11:57:14,-07:00,2025-04-25T11:57:14-07:00,0,0
global.js,108,js,a511ccb2,karizabal,2025-04-25,11:57:14,-07:00,2025-04-25T11:57:14-07:00,0,47
global.js,109,js,a511ccb2,karizabal,2025-04-25,11:57:14,-07:00,2025-04-25T11:57:14-07:00,2,59
global.js,110,js,a511ccb2,karizabal,2025-04-25,11:57:14,-07:00,2025-04-25T11:57:14-07:00,0,0
resume/index.html,1,html,ded6035a,karizabal,2025-04-03,22:33:04,-07:00,2025-04-03T22:33:04-07:00,0,13
resume/index.html,2,html,ded6035a,karizabal,2025-04-03,22:33:04,-07:00,2025-04-03T22:33:04-07:00,0,14
resume/index.html,3,html,ded6035a,karizabal,2025-04-03,22:33:04,-07:00,2025-04-03T22:33:04-07:00,0,4
resume/index.html,4,html,ded6035a,karizabal,2025-04-03,22:33:04,-07:00,2025-04-03T22:33:04-07:00,2,20
resume/index.html,5,html,ded6035a,karizabal,2025-04-03,22:33:04,-07:00,2025-04-03T22:33:04-07:00,2,68
resume/index.html,6,html,be07beaf,karizabal,2025-04-18,19:08:52,-07:00,2025-04-18T19:08:52-07:00,2,6
resume/index.html,7,html,be07beaf,karizabal,2025-04-18,19:08:52,-07:00,2025-04-18T19:08:52-07:00,4,11
resume/index.html,8,html,be07beaf,karizabal,2025-04-18,19:08:52,-07:00,2025-04-18T19:08:52-07:00,5,48
resume/index.html,9,html,be07beaf,karizabal,2025-04-18,19:08:52,-07:00,2025-04-18T19:08:52-07:00,5,75
resume/index.html,10,html,be07beaf,karizabal,2025-04-18,19:08:52,-07:00,2025-04-18T19:08:52-07:00,5,12
resume/index.html,11,html,be07beaf,karizabal,2025-04-18,19:08:52,-07:00,2025-04-18T19:08:52-07:00,6,24
resume/index.html,12,html,be07beaf,karizabal,2025-04-18,19:08:52,-07:00,2025-04-18T19:08:52-07:00,7,31
resume/index.html,13,html,be07beaf,karizabal,2025-04-18,19:08:52,-07:00,2025-04-18T19:08:52-07:00,7,6
resume/index.html,14,html,be07beaf,karizabal,2025-04-18,19:08:52,-07:00,2025-04-18T19:08:52-07:00,5,58
resume/index.html,15,html,be07beaf,karizabal,2025-04-18,19:08:52,-07:00,2025-04-18T19:08:52-07:00,4,3
resume/index.html,16,html,be07beaf,karizabal,2025-04-18,19:08:52,-07:00,2025-04-18T19:08:52-07:00,3,7
resume/index.html,17,html,ded6035a,karizabal,2025-04-03,22:33:04,-07:00,2025-04-03T22:33:04-07:00,2,19
resume/index.html,18,html,fd59032f,karizabal,2025-04-18,18:19:51,-07:00,2025-04-18T18:19:51-07:00,2,42
resume/index.html,19,html,fd59032f,karizabal,2025-04-18,18:19:51,-07:00,2025-04-18T18:19:51-07:00,2,48
resume/index.html,20,html,ded6035a,karizabal,2025-04-03,22:33:04,-07:00,2025-04-03T22:33:04-07:00,0,5
resume/index.html,21,html,ded6035a,karizabal,2025-04-03,22:33:04,-07:00,2025-04-03T22:33:04-07:00,0,4
resume/index.html,22,html,be07beaf,karizabal,2025-04-18,19:08:52,-07:00,2025-04-18T19:08:52-07:00,2,24
resume/index.html,23,html,be07beaf,karizabal,2025-04-18,19:08:52,-07:00,2025-04-18T19:08:52-07:00,4,26
resume/index.html,24,html,be07beaf,karizabal,2025-04-18,19:08:52,-07:00,2025-04-18T19:08:52-07:00,6,19
resume/index.html,25,html,be07beaf,karizabal,2025-04-18,19:08:52,-07:00,2025-04-18T19:08:52-07:00,6,154
resume/index.html,26,html,e307b547,karizabal,2025-04-04,19:14:32,-07:00,2025-04-04T19:14:32-07:00,4,7
resume/index.html,27,html,be07beaf,karizabal,2025-04-18,19:08:52,-07:00,2025-04-18T19:08:52-07:00,4,0
resume/index.html,28,html,be07beaf,karizabal,2025-04-18,19:08:52,-07:00,2025-04-18T19:08:52-07:00,4,7
resume/index.html,29,html,be07beaf,karizabal,2025-04-18,19:08:52,-07:00,2025-04-18T19:08:52-07:00,6,6
resume/index.html,30,html,be07beaf,karizabal,2025-04-18,19:08:52,-07:00,2025-04-18T19:08:52-07:00,6,16
resume/index.html,31,html,be07beaf,karizabal,2025-04-18,19:08:52,-07:00,2025-04-18T19:08:52-07:00,6,7
resume/index.html,32,html,be07beaf,karizabal,2025-04-18,19:08:52,-07:00,2025-04-18T19:08:52-07:00,6,2
resume/index.html,33,html,be07beaf,karizabal,2025-04-18,19:08:52,-07:00,2025-04-18T19:08:52-07:00,6,7
resume/index.html,34,html,be07beaf,karizabal,2025-04-18,19:08:52,-07:00,2025-04-18T19:08:52-07:00,6,18
resume/index.html,35,html,be07beaf,karizabal,2025-04-18,19:08:52,-07:00,2025-04-18T19:08:52-07:00,8,33
resume/index.html,36,html,be07beaf,karizabal,2025-04-18,19:08:52,-07:00,2025-04-18T19:08:52-07:00,8,48
resume/index.html,37,html,be07beaf,karizabal,2025-04-18,19:08:52,-07:00,2025-04-18T19:08:52-07:00,6,4
resume/index.html,38,html,be07beaf,karizabal,2025-04-18,19:08:52,-07:00,2025-04-18T19:08:52-07:00,6,47
resume/index.html,39,html,be07beaf,karizabal,2025-04-18,19:08:52,-07:00,2025-04-18T19:08:52-07:00,6,2
resume/index.html,40,html,be07beaf,karizabal,2025-04-18,19:08:52,-07:00,2025-04-18T19:08:52-07:00,8,51
resume/index.html,41,html,be07beaf,karizabal,2025-04-18,19:08:52,-07:00,2025-04-18T19:08:52-07:00,8,184
resume/index.html,42,html,be07beaf,karizabal,2025-04-18,19:08:52,-07:00,2025-04-18T19:08:52-07:00,6,3
resume/index.html,43,html,be07beaf,karizabal,2025-04-18,19:08:52,-07:00,2025-04-18T19:08:52-07:00,6,8
resume/index.html,44,html,be07beaf,karizabal,2025-04-18,19:08:52,-07:00,2025-04-18T19:08:52-07:00,4,8
resume/index.html,45,html,be07beaf,karizabal,2025-04-18,19:08:52,-07:00,2025-04-18T19:08:52-07:00,4,0
resume/index.html,46,html,be07beaf,karizabal,2025-04-18,19:08:52,-07:00,2025-04-18T19:08:52-07:00,4,7
resume/index.html,47,html,be07beaf,karizabal,2025-04-18,19:08:52,-07:00,2025-04-18T19:08:52-07:00,6,6
resume/index.html,48,html,be07beaf,karizabal,2025-04-18,19:08:52,-07:00,2025-04-18T19:08:52-07:00,6,15
resume/index.html,49,html,be07beaf,karizabal,2025-04-18,19:08:52,-07:00,2025-04-18T19:08:52-07:00,6,7
resume/index.html,50,html,be07beaf,karizabal,2025-04-18,19:08:52,-07:00,2025-04-18T19:08:52-07:00,6,2
resume/index.html,51,html,be07beaf,karizabal,2025-04-18,19:08:52,-07:00,2025-04-18T19:08:52-07:00,6,7
resume/index.html,52,html,be07beaf,karizabal,2025-04-18,19:08:52,-07:00,2025-04-18T19:08:52-07:00,6,18
resume/index.html,53,html,be07beaf,karizabal,2025-04-18,19:08:52,-07:00,2025-04-18T19:08:52-07:00,8,50
resume/index.html,54,html,be07beaf,karizabal,2025-04-18,19:08:52,-07:00,2025-04-18T19:08:52-07:00,8,22
resume/index.html,55,html,be07beaf,karizabal,2025-04-18,19:08:52,-07:00,2025-04-18T19:08:52-07:00,8,38
resume/index.html,56,html,be07beaf,karizabal,2025-04-18,19:08:52,-07:00,2025-04-18T19:08:52-07:00,8,14
resume/index.html,57,html,be07beaf,karizabal,2025-04-18,19:08:52,-07:00,2025-04-18T19:08:52-07:00,8,38
resume/index.html,58,html,be07beaf,karizabal,2025-04-18,19:08:52,-07:00,2025-04-18T19:08:52-07:00,8,4
resume/index.html,59,html,6682deb2,karizabal,2025-04-11,18:46:36,-07:00,2025-04-11T18:46:36-07:00,6,4
resume/index.html,60,html,be07beaf,karizabal,2025-04-18,19:08:52,-07:00,2025-04-18T19:08:52-07:00,6,36
resume/index.html,61,html,be07beaf,karizabal,2025-04-18,19:08:52,-07:00,2025-04-18T19:08:52-07:00,6,2
resume/index.html,62,html,be07beaf,karizabal,2025-04-18,19:08:52,-07:00,2025-04-18T19:08:52-07:00,8,355
resume/index.html,63,html,be07beaf,karizabal,2025-04-18,19:08:52,-07:00,2025-04-18T19:08:52-07:00,8,236
resume/index.html,64,html,be07beaf,karizabal,2025-04-18,19:08:52,-07:00,2025-04-18T19:08:52-07:00,8,184
resume/index.html,65,html,be07beaf,karizabal,2025-04-18,19:08:52,-07:00,2025-04-18T19:08:52-07:00,8,125
resume/index.html,66,html,be07beaf,karizabal,2025-04-18,19:08:52,-07:00,2025-04-18T19:08:52-07:00,8,133
resume/index.html,67,html,be07beaf,karizabal,2025-04-18,19:08:52,-07:00,2025-04-18T19:08:52-07:00,6,3
resume/index.html,68,html,be07beaf,karizabal,2025-04-18,19:08:52,-07:00,2025-04-18T19:08:52-07:00,6,8
resume/index.html,69,html,be07beaf,karizabal,2025-04-18,19:08:52,-07:00,2025-04-18T19:08:52-07:00,4,8
resume/index.html,70,html,a56ade0b,karizabal,2025-04-04,19:53:27,-07:00,2025-04-04T19:53:27-07:00,0,0
resume/index.html,71,html,be07beaf,karizabal,2025-04-18,19:08:52,-07:00,2025-04-18T19:08:52-07:00,4,7
resume/index.html,72,html,be07beaf,karizabal,2025-04-18,19:08:52,-07:00,2025-04-18T19:08:52-07:00,6,6
resume/index.html,73,html,be07beaf,karizabal,2025-04-18,19:08:52,-07:00,2025-04-18T19:08:52-07:00,6,28
resume/index.html,74,html,be07beaf,karizabal,2025-04-18,19:08:52,-07:00,2025-04-18T19:08:52-07:00,6,7
resume/index.html,75,html,be07beaf,karizabal,2025-04-18,19:08:52,-07:00,2025-04-18T19:08:52-07:00,6,2
resume/index.html,76,html,be07beaf,karizabal,2025-04-18,19:08:52,-07:00,2025-04-18T19:08:52-07:00,6,7
resume/index.html,77,html,be07beaf,karizabal,2025-04-18,19:08:52,-07:00,2025-04-18T19:08:52-07:00,6,18
resume/index.html,78,html,be07beaf,karizabal,2025-04-18,19:08:52,-07:00,2025-04-18T19:08:52-07:00,8,48
resume/index.html,79,html,be07beaf,karizabal,2025-04-18,19:08:52,-07:00,2025-04-18T19:08:52-07:00,8,22
resume/index.html,80,html,be07beaf,karizabal,2025-04-18,19:08:52,-07:00,2025-04-18T19:08:52-07:00,8,38
resume/index.html,81,html,be07beaf,karizabal,2025-04-18,19:08:52,-07:00,2025-04-18T19:08:52-07:00,8,14
resume/index.html,82,html,be07beaf,karizabal,2025-04-18,19:08:52,-07:00,2025-04-18T19:08:52-07:00,8,38
resume/index.html,83,html,be07beaf,karizabal,2025-04-18,19:08:52,-07:00,2025-04-18T19:08:52-07:00,8,4
resume/index.html,84,html,6682deb2,karizabal,2025-04-11,18:46:36,-07:00,2025-04-11T18:46:36-07:00,6,4
resume/index.html,85,html,be07beaf,karizabal,2025-04-18,19:08:52,-07:00,2025-04-18T19:08:52-07:00,6,23
resume/index.html,86,html,be07beaf,karizabal,2025-04-18,19:08:52,-07:00,2025-04-18T19:08:52-07:00,6,2
resume/index.html,87,html,be07beaf,karizabal,2025-04-18,19:08:52,-07:00,2025-04-18T19:08:52-07:00,8,180
resume/index.html,88,html,be07beaf,karizabal,2025-04-18,19:08:52,-07:00,2025-04-18T19:08:52-07:00,8,162
resume/index.html,89,html,be07beaf,karizabal,2025-04-18,19:08:52,-07:00,2025-04-18T19:08:52-07:00,8,186
resume/index.html,90,html,be07beaf,karizabal,2025-04-18,19:08:52,-07:00,2025-04-18T19:08:52-07:00,8,105
resume/index.html,91,html,be07beaf,karizabal,2025-04-18,19:08:52,-07:00,2025-04-18T19:08:52-07:00,6,3
resume/index.html,92,html,be07beaf,karizabal,2025-04-18,19:08:52,-07:00,2025-04-18T19:08:52-07:00,6,8
resume/index.html,93,html,be07beaf,karizabal,2025-04-18,19:08:52,-07:00,2025-04-18T19:08:52-07:00,4,8
resume/index.html,94,html,6682deb2,karizabal,2025-04-11,18:46:36,-07:00,2025-04-11T18:46:36-07:00,0,0
resume/index.html,95,html,be07beaf,karizabal,2025-04-18,19:08:52,-07:00,2025-04-18T19:08:52-07:00,4,7
resume/index.html,96,html,be07beaf,karizabal,2025-04-18,19:08:52,-07:00,2025-04-18T19:08:52-07:00,6,6
resume/index.html,97,html,be07beaf,karizabal,2025-04-18,19:08:52,-07:00,2025-04-18T19:08:52-07:00,6,26
resume/index.html,98,html,be07beaf,karizabal,2025-04-18,19:08:52,-07:00,2025-04-18T19:08:52-07:00,6,7
resume/index.html,99,html,be07beaf,karizabal,2025-04-18,19:08:52,-07:00,2025-04-18T19:08:52-07:00,6,2
resume/index.html,100,html,be07beaf,karizabal,2025-04-18,19:08:52,-07:00,2025-04-18T19:08:52-07:00,6,7
resume/index.html,101,html,be07beaf,karizabal,2025-04-18,19:08:52,-07:00,2025-04-18T19:08:52-07:00,6,18
resume/index.html,102,html,be07beaf,karizabal,2025-04-18,19:08:52,-07:00,2025-04-18T19:08:52-07:00,8,46
resume/index.html,103,html,be07beaf,karizabal,2025-04-18,19:08:52,-07:00,2025-04-18T19:08:52-07:00,8,22
resume/index.html,104,html,be07beaf,karizabal,2025-04-18,19:08:52,-07:00,2025-04-18T19:08:52-07:00,8,38
resume/index.html,105,html,be07beaf,karizabal,2025-04-18,19:08:52,-07:00,2025-04-18T19:08:52-07:00,8,14
resume/index.html,106,html,be07beaf,karizabal,2025-04-18,19:08:52,-07:00,2025-04-18T19:08:52-07:00,8,38
resume/index.html,107,html,be07beaf,karizabal,2025-04-18,19:08:52,-07:00,2025-04-18T19:08:52-07:00,8,4
resume/index.html,108,html,6682deb2,karizabal,2025-04-11,18:46:36,-07:00,2025-04-11T18:46:36-07:00,6,4
resume/index.html,109,html,be07beaf,karizabal,2025-04-18,19:08:52,-07:00,2025-04-18T19:08:52-07:00,6,31
resume/index.html,110,html,be07beaf,karizabal,2025-04-18,19:08:52,-07:00,2025-04-18T19:08:52-07:00,6,2
resume/index.html,111,html,be07beaf,karizabal,2025-04-18,19:08:52,-07:00,2025-04-18T19:08:52-07:00,8,137
resume/index.html,112,html,be07beaf,karizabal,2025-04-18,19:08:52,-07:00,2025-04-18T19:08:52-07:00,8,150
resume/index.html,113,html,be07beaf,karizabal,2025-04-18,19:08:52,-07:00,2025-04-18T19:08:52-07:00,8,103
resume/index.html,114,html,be07beaf,karizabal,2025-04-18,19:08:52,-07:00,2025-04-18T19:08:52-07:00,6,3
resume/index.html,115,html,be07beaf,karizabal,2025-04-18,19:08:52,-07:00,2025-04-18T19:08:52-07:00,6,8
resume/index.html,116,html,6682deb2,karizabal,2025-04-11,18:46:36,-07:00,2025-04-11T18:46:36-07:00,0,0
resume/index.html,117,html,be07beaf,karizabal,2025-04-18,19:08:52,-07:00,2025-04-18T19:08:52-07:00,6,7
resume/index.html,118,html,be07beaf,karizabal,2025-04-18,19:08:52,-07:00,2025-04-18T19:08:52-07:00,6,18
resume/index.html,119,html,be07beaf,karizabal,2025-04-18,19:08:52,-07:00,2025-04-18T19:08:52-07:00,8,43
resume/index.html,120,html,be07beaf,karizabal,2025-04-18,19:08:52,-07:00,2025-04-18T19:08:52-07:00,8,22
resume/index.html,121,html,be07beaf,karizabal,2025-04-18,19:08:52,-07:00,2025-04-18T19:08:52-07:00,8,38
resume/index.html,122,html,be07beaf,karizabal,2025-04-18,19:08:52,-07:00,2025-04-18T19:08:52-07:00,8,14
resume/index.html,123,html,be07beaf,karizabal,2025-04-18,19:08:52,-07:00,2025-04-18T19:08:52-07:00,8,38
resume/index.html,124,html,be07beaf,karizabal,2025-04-18,19:08:52,-07:00,2025-04-18T19:08:52-07:00,8,4
resume/index.html,125,html,6682deb2,karizabal,2025-04-11,18:46:36,-07:00,2025-04-11T18:46:36-07:00,6,4
resume/index.html,126,html,be07beaf,karizabal,2025-04-18,19:08:52,-07:00,2025-04-18T19:08:52-07:00,6,18
resume/index.html,127,html,be07beaf,karizabal,2025-04-18,19:08:52,-07:00,2025-04-18T19:08:52-07:00,6,2
resume/index.html,128,html,be07beaf,karizabal,2025-04-18,19:08:52,-07:00,2025-04-18T19:08:52-07:00,8,137
resume/index.html,129,html,be07beaf,karizabal,2025-04-18,19:08:52,-07:00,2025-04-18T19:08:52-07:00,8,99
resume/index.html,130,html,be07beaf,karizabal,2025-04-18,19:08:52,-07:00,2025-04-18T19:08:52-07:00,8,168
resume/index.html,131,html,be07beaf,karizabal,2025-04-18,19:08:52,-07:00,2025-04-18T19:08:52-07:00,6,3
resume/index.html,132,html,be07beaf,karizabal,2025-04-18,19:08:52,-07:00,2025-04-18T19:08:52-07:00,6,8
resume/index.html,133,html,be07beaf,karizabal,2025-04-18,19:08:52,-07:00,2025-04-18T19:08:52-07:00,4,8
resume/index.html,134,html,be07beaf,karizabal,2025-04-18,19:08:52,-07:00,2025-04-18T19:08:52-07:00,4,0
resume/index.html,135,html,be07beaf,karizabal,2025-04-18,19:08:52,-07:00,2025-04-18T19:08:52-07:00,4,7
resume/index.html,136,html,be07beaf,karizabal,2025-04-18,19:08:52,-07:00,2025-04-18T19:08:52-07:00,6,6
resume/index.html,137,html,be07beaf,karizabal,2025-04-18,19:08:52,-07:00,2025-04-18T19:08:52-07:00,6,13
resume/index.html,138,html,be07beaf,karizabal,2025-04-18,19:08:52,-07:00,2025-04-18T19:08:52-07:00,6,7
resume/index.html,139,html,be07beaf,karizabal,2025-04-18,19:08:52,-07:00,2025-04-18T19:08:52-07:00,6,2
resume/index.html,140,html,be07beaf,karizabal,2025-04-18,19:08:52,-07:00,2025-04-18T19:08:52-07:00,6,7
resume/index.html,141,html,be07beaf,karizabal,2025-04-18,19:08:52,-07:00,2025-04-18T19:08:52-07:00,6,2
resume/index.html,142,html,be07beaf,karizabal,2025-04-18,19:08:52,-07:00,2025-04-18T19:08:52-07:00,8,181
resume/index.html,143,html,be07beaf,karizabal,2025-04-18,19:08:52,-07:00,2025-04-18T19:08:52-07:00,8,157
resume/index.html,144,html,be07beaf,karizabal,2025-04-18,19:08:52,-07:00,2025-04-18T19:08:52-07:00,6,3
resume/index.html,145,html,be07beaf,karizabal,2025-04-18,19:08:52,-07:00,2025-04-18T19:08:52-07:00,6,8
resume/index.html,146,html,be07beaf,karizabal,2025-04-18,19:08:52,-07:00,2025-04-18T19:08:52-07:00,4,8
resume/index.html,147,html,be07beaf,karizabal,2025-04-18,19:08:52,-07:00,2025-04-18T19:08:52-07:00,2,4
resume/index.html,148,html,ded6035a,karizabal,2025-04-03,22:33:04,-07:00,2025-04-03T22:33:04-07:00,0,5
resume/index.html,149,html,ded6035a,karizabal,2025-04-03,22:33:04,-07:00,2025-04-03T22:33:04-07:00,0,5
projects/projects.js,1,js,bb050fe0,karizabal,2025-05-02,17:23:16,-07:00,2025-05-02T17:23:16-07:00,0,63
projects/projects.js,2,js,a511ccb2,karizabal,2025-04-25,11:57:14,-07:00,2025-04-25T11:57:14-07:00,0,55
projects/projects.js,3,js,a511ccb2,karizabal,2025-04-25,11:57:14,-07:00,2025-04-25T11:57:14-07:00,0,0
projects/projects.js,4,js,a511ccb2,karizabal,2025-04-25,11:57:14,-07:00,2025-04-25T11:57:14-07:00,0,12
projects/projects.js,5,js,a511ccb2,karizabal,2025-04-25,11:57:14,-07:00,2025-04-25T11:57:14-07:00,1,55
projects/projects.js,6,js,a511ccb2,karizabal,2025-04-25,11:57:14,-07:00,2025-04-25T11:57:14-07:00,1,52
projects/projects.js,7,js,a511ccb2,karizabal,2025-04-25,11:57:14,-07:00,2025-04-25T11:57:14-07:00,1,54
projects/projects.js,8,js,5f8c071f,karizabal,2025-05-02,19:53:12,-07:00,2025-05-02T19:53:12-07:00,0,0
projects/projects.js,9,js,a511ccb2,karizabal,2025-04-25,11:57:14,-07:00,2025-04-25T11:57:14-07:00,1,60
projects/projects.js,10,js,5f8c071f,karizabal,2025-05-02,19:53:12,-07:00,2025-05-02T19:53:12-07:00,1,40
projects/projects.js,11,js,5f8c071f,karizabal,2025-05-02,19:53:12,-07:00,2025-05-02T19:53:12-07:00,0,0
projects/projects.js,12,js,f05c578f,karizabal,2025-05-02,20:22:48,-07:00,2025-05-02T20:22:48-07:00,1,65
projects/projects.js,13,js,f05c578f,karizabal,2025-05-02,20:22:48,-07:00,2025-05-02T20:22:48-07:00,1,70
projects/projects.js,14,js,06541ef6,karizabal,2025-05-02,22:50:15,-07:00,2025-05-02T22:50:15-07:00,0,0
projects/projects.js,15,js,06541ef6,karizabal,2025-05-02,22:50:15,-07:00,2025-05-02T22:50:15-07:00,1,21
projects/projects.js,16,js,06541ef6,karizabal,2025-05-02,22:50:15,-07:00,2025-05-02T22:50:15-07:00,1,12
projects/projects.js,17,js,592144a5,karizabal,2025-05-02,20:52:45,-07:00,2025-05-02T20:52:45-07:00,1,21
projects/projects.js,18,js,592144a5,karizabal,2025-05-02,20:52:45,-07:00,2025-05-02T20:52:45-07:00,0,0
projects/projects.js,19,js,5f8c071f,karizabal,2025-05-02,19:53:12,-07:00,2025-05-02T19:53:12-07:00,1,38
projects/projects.js,20,js,5f8c071f,karizabal,2025-05-02,19:53:12,-07:00,2025-05-02T19:53:12-07:00,2,27
projects/projects.js,21,js,5f8c071f,karizabal,2025-05-02,19:53:12,-07:00,2025-05-02T19:53:12-07:00,2,34
projects/projects.js,22,js,5f8c071f,karizabal,2025-05-02,19:53:12,-07:00,2025-05-02T19:53:12-07:00,0,0
projects/projects.js,23,js,5f8c071f,karizabal,2025-05-02,19:53:12,-07:00,2025-05-02T19:53:12-07:00,2,29
projects/projects.js,24,js,5f8c071f,karizabal,2025-05-02,19:53:12,-07:00,2025-05-02T19:53:12-07:00,2,30
projects/projects.js,25,js,5f8c071f,karizabal,2025-05-02,19:53:12,-07:00,2025-05-02T19:53:12-07:00,0,0
projects/projects.js,26,js,5f8c071f,karizabal,2025-05-02,19:53:12,-07:00,2025-05-02T19:53:12-07:00,2,26
projects/projects.js,27,js,5f8c071f,karizabal,2025-05-02,19:53:12,-07:00,2025-05-02T19:53:12-07:00,3,12
projects/projects.js,28,js,5f8c071f,karizabal,2025-05-02,19:53:12,-07:00,2025-05-02T19:53:12-07:00,3,14
projects/projects.js,29,js,5f8c071f,karizabal,2025-05-02,19:53:12,-07:00,2025-05-02T19:53:12-07:00,3,12
projects/projects.js,30,js,5f8c071f,karizabal,2025-05-02,19:53:12,-07:00,2025-05-02T19:53:12-07:00,2,0
projects/projects.js,31,js,f05c578f,karizabal,2025-05-02,20:22:48,-07:00,2025-05-02T20:22:48-07:00,0,0
projects/projects.js,32,js,a65f268c,karizabal,2025-05-05,13:04:16,-07:00,2025-05-05T13:04:16-07:00,2,58
projects/projects.js,33,js,5f8c071f,karizabal,2025-05-02,19:53:12,-07:00,2025-05-02T19:53:12-07:00,2,50
projects/projects.js,34,js,5f8c071f,karizabal,2025-05-02,19:53:12,-07:00,2025-05-02T19:53:12-07:00,1,0
projects/projects.js,35,js,5f8c071f,karizabal,2025-05-02,19:53:12,-07:00,2025-05-02T19:53:12-07:00,2,44
projects/projects.js,36,js,5f8c071f,karizabal,2025-05-02,19:53:12,-07:00,2025-05-02T19:53:12-07:00,3,35
projects/projects.js,37,js,5f8c071f,karizabal,2025-05-02,19:53:12,-07:00,2025-05-02T19:53:12-07:00,2,1
projects/projects.js,38,js,5f8c071f,karizabal,2025-05-02,19:53:12,-07:00,2025-05-02T19:53:12-07:00,0,0
projects/projects.js,39,js,5f8c071f,karizabal,2025-05-02,19:53:12,-07:00,2025-05-02T19:53:12-07:00,2,33
projects/projects.js,40,js,5f8c071f,karizabal,2025-05-02,19:53:12,-07:00,2025-05-02T19:53:12-07:00,2,45
projects/projects.js,41,js,5f8c071f,karizabal,2025-05-02,19:53:12,-07:00,2025-05-02T19:53:12-07:00,0,0
projects/projects.js,42,js,5f8c071f,karizabal,2025-05-02,19:53:12,-07:00,2025-05-02T19:53:12-07:00,2,26
projects/projects.js,43,js,f05c578f,karizabal,2025-05-02,20:22:48,-07:00,2025-05-02T20:22:48-07:00,3,1
projects/projects.js,44,js,5f8c071f,karizabal,2025-05-02,19:53:12,-07:00,2025-05-02T19:53:12-07:00,4,13
projects/projects.js,45,js,5f8c071f,karizabal,2025-05-02,19:53:12,-07:00,2025-05-02T19:53:12-07:00,4,13
projects/projects.js,46,js,f05c578f,karizabal,2025-05-02,20:22:48,-07:00,2025-05-02T20:22:48-07:00,4,24
projects/projects.js,47,js,f05c578f,karizabal,2025-05-02,20:22:48,-07:00,2025-05-02T20:22:48-07:00,4,18
projects/projects.js,48,js,f05c578f,karizabal,2025-05-02,20:22:48,-07:00,2025-05-02T20:22:48-07:00,5,47
projects/projects.js,49,js,f05c578f,karizabal,2025-05-02,20:22:48,-07:00,2025-05-02T20:22:48-07:00,5,1
projects/projects.js,50,js,f05c578f,karizabal,2025-05-02,20:22:48,-07:00,2025-05-02T20:22:48-07:00,6,16
projects/projects.js,51,js,f05c578f,karizabal,2025-05-02,20:22:48,-07:00,2025-05-02T20:22:48-07:00,6,26
projects/projects.js,52,js,f05c578f,karizabal,2025-05-02,20:22:48,-07:00,2025-05-02T20:22:48-07:00,7,39
projects/projects.js,53,js,f05c578f,karizabal,2025-05-02,20:22:48,-07:00,2025-05-02T20:22:48-07:00,6,1
projects/projects.js,54,js,f05c578f,karizabal,2025-05-02,20:22:48,-07:00,2025-05-02T20:22:48-07:00,5,4
projects/projects.js,55,js,f05c578f,karizabal,2025-05-02,20:22:48,-07:00,2025-05-02T20:22:48-07:00,6,14
projects/projects.js,56,js,f05c578f,karizabal,2025-05-02,20:22:48,-07:00,2025-05-02T20:22:48-07:00,6,26
projects/projects.js,57,js,f05c578f,karizabal,2025-05-02,20:22:48,-07:00,2025-05-02T20:22:48-07:00,7,39
projects/projects.js,58,js,f05c578f,karizabal,2025-05-02,20:22:48,-07:00,2025-05-02T20:22:48-07:00,6,1
projects/projects.js,59,js,55fe3fc6,karizabal,2025-05-02,20:58:49,-07:00,2025-05-02T20:58:49-07:00,5,25
projects/projects.js,60,js,06541ef6,karizabal,2025-05-02,22:50:15,-07:00,2025-05-02T22:50:15-07:00,6,8
projects/projects.js,61,js,06541ef6,karizabal,2025-05-02,22:50:15,-07:00,2025-05-02T22:50:15-07:00,6,17
projects/projects.js,62,js,7145c6f3,karizabal,2025-05-02,23:04:18,-07:00,2025-05-02T23:04:18-07:00,6,22
projects/projects.js,63,js,55fe3fc6,karizabal,2025-05-02,20:58:49,-07:00,2025-05-02T20:58:49-07:00,5,6
projects/projects.js,64,js,06541ef6,karizabal,2025-05-02,22:50:15,-07:00,2025-05-02T22:50:15-07:00,6,31
projects/projects.js,65,js,c345c1fd,karizabal,2025-05-02,23:00:55,-07:00,2025-05-02T23:00:55-07:00,6,58
projects/projects.js,66,js,55fe3fc6,karizabal,2025-05-02,20:58:49,-07:00,2025-05-02T20:58:49-07:00,5,0
projects/projects.js,67,js,06541ef6,karizabal,2025-05-02,22:50:15,-07:00,2025-05-02T22:50:15-07:00,5,39
projects/projects.js,68,js,f05c578f,karizabal,2025-05-02,20:22:48,-07:00,2025-05-02T20:22:48-07:00,4,1
projects/projects.js,69,js,592144a5,karizabal,2025-05-02,20:52:45,-07:00,2025-05-02T20:52:45-07:00,2,1
projects/projects.js,70,js,5f8c071f,karizabal,2025-05-02,19:53:12,-07:00,2025-05-02T19:53:12-07:00,0,0
projects/projects.js,71,js,5f8c071f,karizabal,2025-05-02,19:53:12,-07:00,2025-05-02T19:53:12-07:00,2,24
projects/projects.js,72,js,5f8c071f,karizabal,2025-05-02,19:53:12,-07:00,2025-05-02T19:53:12-07:00,3,4
projects/projects.js,73,js,5f8c071f,karizabal,2025-05-02,19:53:12,-07:00,2025-05-02T19:53:12-07:00,4,11
projects/projects.js,74,js,5f8c071f,karizabal,2025-05-02,19:53:12,-07:00,2025-05-02T19:53:12-07:00,4,38
projects/projects.js,75,js,f05c578f,karizabal,2025-05-02,20:22:48,-07:00,2025-05-02T20:22:48-07:00,4,86
projects/projects.js,76,js,5f8c071f,karizabal,2025-05-02,19:53:12,-07:00,2025-05-02T19:53:12-07:00,2,0
projects/projects.js,77,js,592144a5,karizabal,2025-05-02,20:52:45,-07:00,2025-05-02T20:52:45-07:00,0,0
projects/projects.js,78,js,5f8c071f,karizabal,2025-05-02,19:53:12,-07:00,2025-05-02T19:53:12-07:00,1,0
projects/projects.js,79,js,5f8c071f,karizabal,2025-05-02,19:53:12,-07:00,2025-05-02T19:53:12-07:00,0,0
projects/projects.js,80,js,5f8c071f,karizabal,2025-05-02,19:53:12,-07:00,2025-05-02T19:53:12-07:00,1,23
projects/projects.js,81,js,bb050fe0,karizabal,2025-05-02,17:23:16,-07:00,2025-05-02T17:23:16-07:00,0,0
projects/projects.js,82,js,06541ef6,karizabal,2025-05-02,22:50:15,-07:00,2025-05-02T22:50:15-07:00,1,13
projects/projects.js,83,js,c406f07a,karizabal,2025-05-02,17:40:28,-07:00,2025-05-02T17:40:28-07:00,1,53
projects/projects.js,84,js,5f8c071f,karizabal,2025-05-02,19:53:12,-07:00,2025-05-02T19:53:12-07:00,1,0
projects/projects.js,85,js,c406f07a,karizabal,2025-05-02,17:40:28,-07:00,2025-05-02T17:40:28-07:00,1,48
projects/projects.js,86,js,06541ef6,karizabal,2025-05-02,22:50:15,-07:00,2025-05-02T22:50:15-07:00,2,24
projects/projects.js,87,js,06541ef6,karizabal,2025-05-02,22:50:15,-07:00,2025-05-02T22:50:15-07:00,3,49
projects/projects.js,88,js,06541ef6,karizabal,2025-05-02,22:50:15,-07:00,2025-05-02T22:50:15-07:00,3,9
projects/projects.js,89,js,c406f07a,karizabal,2025-05-02,17:40:28,-07:00,2025-05-02T17:40:28-07:00,2,25
projects/projects.js,90,js,06541ef6,karizabal,2025-05-02,22:50:15,-07:00,2025-05-02T22:50:15-07:00,2,34
projects/projects.js,91,js,c406f07a,karizabal,2025-05-02,17:40:28,-07:00,2025-05-02T17:40:28-07:00,3,59
projects/projects.js,92,js,c406f07a,karizabal,2025-05-02,17:40:28,-07:00,2025-05-02T17:40:28-07:00,3,42
projects/projects.js,93,js,c406f07a,karizabal,2025-05-02,17:40:28,-07:00,2025-05-02T17:40:28-07:00,2,1
projects/projects.js,94,js,06541ef6,karizabal,2025-05-02,22:50:15,-07:00,2025-05-02T22:50:15-07:00,2,39
projects/projects.js,95,js,06541ef6,karizabal,2025-05-02,22:50:15,-07:00,2025-05-02T22:50:15-07:00,2,22
projects/projects.js,96,js,bb050fe0,karizabal,2025-05-02,17:23:16,-07:00,2025-05-02T17:23:16-07:00,1,1
projects/projects.js,97,js,c406f07a,karizabal,2025-05-02,17:40:28,-07:00,2025-05-02T17:40:28-07:00,0,0
projects/projects.js,98,js,592144a5,karizabal,2025-05-02,20:52:45,-07:00,2025-05-02T20:52:45-07:00,0,3
projects/index.html,1,html,ded6035a,karizabal,2025-04-03,22:33:04,-07:00,2025-04-03T22:33:04-07:00,0,13
projects/index.html,2,html,ded6035a,karizabal,2025-04-03,22:33:04,-07:00,2025-04-03T22:33:04-07:00,0,14
projects/index.html,3,html,ded6035a,karizabal,2025-04-03,22:33:04,-07:00,2025-04-03T22:33:04-07:00,0,4
projects/index.html,4,html,ded6035a,karizabal,2025-04-03,22:33:04,-07:00,2025-04-03T22:33:04-07:00,2,20
projects/index.html,5,html,ded6035a,karizabal,2025-04-03,22:33:04,-07:00,2025-04-03T22:33:04-07:00,2,68
projects/index.html,6,html,be07beaf,karizabal,2025-04-18,19:08:52,-07:00,2025-04-18T19:08:52-07:00,2,6
projects/index.html,7,html,be07beaf,karizabal,2025-04-18,19:08:52,-07:00,2025-04-18T19:08:52-07:00,4,11
projects/index.html,8,html,be07beaf,karizabal,2025-04-18,19:08:52,-07:00,2025-04-18T19:08:52-07:00,5,48
projects/index.html,9,html,be07beaf,karizabal,2025-04-18,19:08:52,-07:00,2025-04-18T19:08:52-07:00,5,75
projects/index.html,10,html,be07beaf,karizabal,2025-04-18,19:08:52,-07:00,2025-04-18T19:08:52-07:00,5,12
projects/index.html,11,html,be07beaf,karizabal,2025-04-18,19:08:52,-07:00,2025-04-18T19:08:52-07:00,6,24
projects/index.html,12,html,be07beaf,karizabal,2025-04-18,19:08:52,-07:00,2025-04-18T19:08:52-07:00,7,31
projects/index.html,13,html,be07beaf,karizabal,2025-04-18,19:08:52,-07:00,2025-04-18T19:08:52-07:00,7,6
projects/index.html,14,html,be07beaf,karizabal,2025-04-18,19:08:52,-07:00,2025-04-18T19:08:52-07:00,5,58
projects/index.html,15,html,be07beaf,karizabal,2025-04-18,19:08:52,-07:00,2025-04-18T19:08:52-07:00,4,3
projects/index.html,16,html,be07beaf,karizabal,2025-04-18,19:08:52,-07:00,2025-04-18T19:08:52-07:00,3,7
projects/index.html,17,html,ded6035a,karizabal,2025-04-03,22:33:04,-07:00,2025-04-03T22:33:04-07:00,2,21
projects/index.html,18,html,fd59032f,karizabal,2025-04-18,18:19:51,-07:00,2025-04-18T18:19:51-07:00,2,42
projects/index.html,19,html,a511ccb2,karizabal,2025-04-25,11:57:14,-07:00,2025-04-25T11:57:14-07:00,2,49
projects/index.html,20,html,a511ccb2,karizabal,2025-04-25,11:57:14,-07:00,2025-04-25T11:57:14-07:00,2,47
projects/index.html,21,html,ded6035a,karizabal,2025-04-03,22:33:04,-07:00,2025-04-03T22:33:04-07:00,0,5
projects/index.html,22,html,ded6035a,karizabal,2025-04-03,22:33:04,-07:00,2025-04-03T22:33:04-07:00,0,4
projects/index.html,23,html,a511ccb2,karizabal,2025-04-25,11:57:14,-07:00,2025-04-25T11:57:14-07:00,2,24
projects/index.html,24,html,a511ccb2,karizabal,2025-04-25,11:57:14,-07:00,2025-04-25T11:57:14-07:00,4,38
projects/index.html,25,html,bb050fe0,karizabal,2025-05-02,17:23:16,-07:00,2025-05-02T17:23:16-07:00,4,25
projects/index.html,26,html,bb050fe0,karizabal,2025-05-02,17:23:16,-07:00,2025-05-02T17:23:16-07:00,6,54
projects/index.html,27,html,bb050fe0,karizabal,2025-05-02,17:23:16,-07:00,2025-05-02T17:23:16-07:00,6,22
projects/index.html,28,html,bb050fe0,karizabal,2025-05-02,17:23:16,-07:00,2025-05-02T17:23:16-07:00,4,4
projects/index.html,29,html,c406f07a,karizabal,2025-05-02,17:40:28,-07:00,2025-05-02T17:40:28-07:00,4,4
projects/index.html,30,html,c406f07a,karizabal,2025-05-02,17:40:28,-07:00,2025-05-02T17:40:28-07:00,6,15
projects/index.html,31,html,c406f07a,karizabal,2025-05-02,17:40:28,-07:00,2025-05-02T17:40:28-07:00,6,11
projects/index.html,32,html,c406f07a,karizabal,2025-05-02,17:40:28,-07:00,2025-05-02T17:40:28-07:00,6,26
projects/index.html,33,html,c406f07a,karizabal,2025-05-02,17:40:28,-07:00,2025-05-02T17:40:28-07:00,6,31
projects/index.html,34,html,c406f07a,karizabal,2025-05-02,17:40:28,-07:00,2025-05-02T17:40:28-07:00,4,0
projects/index.html,35,html,a511ccb2,karizabal,2025-04-25,11:57:14,-07:00,2025-04-25T11:57:14-07:00,4,26
projects/index.html,36,html,6682deb2,karizabal,2025-04-11,18:46:36,-07:00,2025-04-11T18:46:36-07:00,2,4
projects/index.html,37,html,ded6035a,karizabal,2025-04-03,22:33:04,-07:00,2025-04-03T22:33:04-07:00,0,5
projects/index.html,38,html,ded6035a,karizabal,2025-04-03,22:33:04,-07:00,2025-04-03T22:33:04-07:00,0,5
contact/index.html,1,html,ded6035a,karizabal,2025-04-03,22:33:04,-07:00,2025-04-03T22:33:04-07:00,0,13
contact/index.html,2,html,ded6035a,karizabal,2025-04-03,22:33:04,-07:00,2025-04-03T22:33:04-07:00,0,14
contact/index.html,3,html,ded6035a,karizabal,2025-04-03,22:33:04,-07:00,2025-04-03T22:33:04-07:00,0,4
contact/index.html,4,html,ded6035a,karizabal,2025-04-03,22:33:04,-07:00,2025-04-03T22:33:04-07:00,2,20
contact/index.html,5,html,ded6035a,karizabal,2025-04-03,22:33:04,-07:00,2025-04-03T22:33:04-07:00,2,68
contact/index.html,6,html,be07beaf,karizabal,2025-04-18,19:08:52,-07:00,2025-04-18T19:08:52-07:00,2,6
contact/index.html,7,html,be07beaf,karizabal,2025-04-18,19:08:52,-07:00,2025-04-18T19:08:52-07:00,4,11
contact/index.html,8,html,be07beaf,karizabal,2025-04-18,19:08:52,-07:00,2025-04-18T19:08:52-07:00,5,48
contact/index.html,9,html,be07beaf,karizabal,2025-04-18,19:08:52,-07:00,2025-04-18T19:08:52-07:00,5,75
contact/index.html,10,html,be07beaf,karizabal,2025-04-18,19:08:52,-07:00,2025-04-18T19:08:52-07:00,5,12
contact/index.html,11,html,be07beaf,karizabal,2025-04-18,19:08:52,-07:00,2025-04-18T19:08:52-07:00,6,24
contact/index.html,12,html,be07beaf,karizabal,2025-04-18,19:08:52,-07:00,2025-04-18T19:08:52-07:00,7,31
contact/index.html,13,html,be07beaf,karizabal,2025-04-18,19:08:52,-07:00,2025-04-18T19:08:52-07:00,7,6
contact/index.html,14,html,be07beaf,karizabal,2025-04-18,19:08:52,-07:00,2025-04-18T19:08:52-07:00,5,58
contact/index.html,15,html,be07beaf,karizabal,2025-04-18,19:08:52,-07:00,2025-04-18T19:08:52-07:00,4,3
contact/index.html,16,html,be07beaf,karizabal,2025-04-18,19:08:52,-07:00,2025-04-18T19:08:52-07:00,3,7
contact/index.html,17,html,ded6035a,karizabal,2025-04-03,22:33:04,-07:00,2025-04-03T22:33:04-07:00,2,20
contact/index.html,18,html,fd59032f,karizabal,2025-04-18,18:19:51,-07:00,2025-04-18T18:19:51-07:00,2,42
contact/index.html,19,html,fd59032f,karizabal,2025-04-18,18:19:51,-07:00,2025-04-18T18:19:51-07:00,2,48
contact/index.html,20,html,ded6035a,karizabal,2025-04-03,22:33:04,-07:00,2025-04-03T22:33:04-07:00,0,5
contact/index.html,21,html,ded6035a,karizabal,2025-04-03,22:33:04,-07:00,2025-04-03T22:33:04-07:00,0,4
contact/index.html,22,html,be07beaf,karizabal,2025-04-18,19:08:52,-07:00,2025-04-18T19:08:52-07:00,2,24
contact/index.html,23,html,be07beaf,karizabal,2025-04-18,19:08:52,-07:00,2025-04-18T19:08:52-07:00,4,22
contact/index.html,24,html,be07beaf,karizabal,2025-04-18,19:08:52,-07:00,2025-04-18T19:08:52-07:00,4,55
contact/index.html,25,html,be07beaf,karizabal,2025-04-18,19:08:52,-07:00,2025-04-18T19:08:52-07:00,6,5
contact/index.html,26,html,be07beaf,karizabal,2025-04-18,19:08:52,-07:00,2025-04-18T19:08:52-07:00,8,6
contact/index.html,27,html,be07beaf,karizabal,2025-04-18,19:08:52,-07:00,2025-04-18T19:08:52-07:00,8,21
contact/index.html,28,html,be07beaf,karizabal,2025-04-18,19:08:52,-07:00,2025-04-18T19:08:52-07:00,6,6
contact/index.html,29,html,ded6035a,karizabal,2025-04-03,22:33:04,-07:00,2025-04-03T22:33:04-07:00,0,0
contact/index.html,30,html,be07beaf,karizabal,2025-04-18,19:08:52,-07:00,2025-04-18T19:08:52-07:00,6,5
contact/index.html,31,html,be07beaf,karizabal,2025-04-18,19:08:52,-07:00,2025-04-18T19:08:52-07:00,8,6
contact/index.html,32,html,be07beaf,karizabal,2025-04-18,19:08:52,-07:00,2025-04-18T19:08:52-07:00,8,31
contact/index.html,33,html,be07beaf,karizabal,2025-04-18,19:08:52,-07:00,2025-04-18T19:08:52-07:00,6,6
contact/index.html,34,html,ded6035a,karizabal,2025-04-03,22:33:04,-07:00,2025-04-03T22:33:04-07:00,0,0
contact/index.html,35,html,be07beaf,karizabal,2025-04-18,19:08:52,-07:00,2025-04-18T19:08:52-07:00,6,21
contact/index.html,36,html,be07beaf,karizabal,2025-04-18,19:08:52,-07:00,2025-04-18T19:08:52-07:00,4,5
contact/index.html,37,html,be07beaf,karizabal,2025-04-18,19:08:52,-07:00,2025-04-18T19:08:52-07:00,2,4
contact/index.html,38,html,ded6035a,karizabal,2025-04-03,22:33:04,-07:00,2025-04-03T22:33:04-07:00,0,5
contact/index.html,39,html,ded6035a,karizabal,2025-04-03,22:33:04,-07:00,2025-04-03T22:33:04-07:00,0,5
